provider_code,specialty_code,n_obs,rho
NVG01,C_101,12,-0.6200470035175927
NT347,C_320,12,-0.3423326133909287
NT427,C_320,13,-0.3161290322580645
NT411,C_110,24,-0.28914844850445887
NT406,C_502,19,-0.2772973481490714
NT418,X06,17,-0.2585047029117793
R0F4N,C_110,24,-0.2518147080142179
RXL,C_300,13,-0.2161778092505208
NT351,C_160,13,-0.18522100358265375
NT411,C_100,24,-0.16899104036720405
RYJ,X06,24,-0.16719261352394946
RDE,C_170,14,-0.1572449642625081
RTR,C_300,24,-0.15718298012933068
RTE,C_100,23,-0.15276531844896313
RW1,C_430,24,-0.14604415910126498
RWX,X04,24,-0.127478943046666
NEQ,X02,24,-0.12191100055048452
NT447,C_150,23,-0.12083780880773368
RN5,C_170,20,-0.11797239492882541
NT351,C_502,21,-0.11642106920645849
NT339,C_101,24,-0.11340254602579491
NT411,C_130,24,-0.11261827363966818
NNE,C_430,24,-0.11026406010278256
RPY,C_340,12,-0.10000000000000007
NT431,X06,12,-0.09999999999999987
NT402,X06,19,-0.09859154929577463
RD1,C_300,23,-0.09846497348590577
RHQ,C_300,12,-0.09650924693255865
NT428,X06,13,-0.09090909090909094
RXR,C_430,24,-0.08696827284083897
NT449,X06,22,-0.0818286884163254
NT212,C_101,15,-0.0769230769230769
NPG07,C_130,24,-0.0764138519110384
NT3X3,C_110,24,-0.07396074441481634
NT322,C_100,23,-0.07092704960085716
NT339,X05,24,-0.07077166339665404
NT429,X06,17,-0.06666666666666667
NT440,C_400,17,-0.06666666666666667
NVC23,C_301,24,-0.06472975421509926
RVV,C_300,24,-0.06414350165079602
RTG,C_300,23,-0.05975523273955298
NT411,C_301,24,-0.058631004967580724
A4M8P,X06,19,-0.057060390763765546
RFS,C_100,24,-0.05567627087735583
RCX,C_170,20,-0.055555555555555663
RM3,C_170,20,-0.055555555555555546
NT315,X05,21,-0.05263157894736843
NT321,X05,21,-0.052631578947368425
NT409,C_150,22,-0.05000000000000002
NT420,C_150,23,-0.047619047619047644
NTPH3,C_301,24,-0.04545454545454549
NT411,X06,24,-0.04545454545454547
NT225,C_150,19,-0.039741355366145856
RR7,X05,24,-0.022836770909398216
NEY,X06,22,-0.019704516263014712
NT315,C_120,24,-0.01758367447254572
NT216,C_101,19,-0.013718628485045873
NT224,X06,13,-0.009345794392523372
NVC17,C_101,24,-0.009333010443305104
NT428,C_100,22,-0.009163261025810672
NFH,X05,23,-0.00832940017731311
DFY01,C_160,24,-0.006207317309857474
RPY,X06,24,-0.006080645718196933
RR7,X03,24,-0.005804021695238512
NVC12,C_320,24,-0.0007655876377381831
RDU,C_300,23,0.008556325192527301
NVC0R,C_160,24,0.010410013242670785
NT332,C_100,24,0.012902034071719411
RP5,C_300,24,0.013817519412311352
AAH,C_140,24,0.017501153367675798
RXW,C_430,24,0.021964157711009197
NVC18,X06,12,0.03005414623878231
RXC,C_330,24,0.031093367553021726
RWP,C_430,20,0.03116761142970994
NT447,C_301,21,0.035591544046683125
J0M7P,C_130,12,0.036747213161149296
NQH,C_330,24,0.0421627504498422
RJ6,X06,19,0.04411287732562846
NT411,C_502,24,0.051864226242183106
RYY,C_110,24,0.060521858434995926
RBK,C_430,24,0.0606950672029541
NT316,C_120,24,0.0632626131047498
RYY,X02,24,0.0740192178479661
NNH,C_130,15,0.07808884377319118
RX1,X03,15,0.08550700512020747
RPY,X04,24,0.09255954263900418
RRF,X06,24,0.10647698199776587
NT317,C_150,24,0.11214863625256534
NT404,C_301,24,0.1129789677829863
NT204,C_502,24,0.11625550499570589
RAN,X03,23,0.11717269076305212
AAH,C_502,24,0.11976089576747452
NVC12,C_502,17,0.12343186811451534
NVC21,X02,24,0.12413135152209663
NEY,X05,23,0.12416502850164572
NT324,C_101,24,0.12818755617799105
NVC28,X02,17,0.12835844965306598
AAH,C_340,19,0.13100864592126146
RPY,C_101,24,0.13235164061979063
NQM01,C_110,24,0.13642181122500233
RDU,X03,17,0.13687808808100305
NT324,C_301,19,0.14046869190792727
RA9,C_170,22,0.14158105509449911
NT312,C_502,24,0.1449533267985893
RAN,X06,24,0.14724245685959955
NVC23,X02,24,0.15206482254759238
NT430,C_502,12,0.15249599391249266
RAL,C_140,24,0.15366202361563955
R0F4N,C_100,22,0.15403238867044827
RF4,C_300,21,0.1559331297749019
AAH,C_101,24,0.1564982613249264
RCF,C_430,24,0.15727234351619424
NT3X3,C_320,24,0.15892002734108004
RHQ,C_100,15,0.16027976070780592
NR5,X02,24,0.16323681308544688
RAX,C_430,24,0.17096214899580747
RTE,C_170,24,0.1739907713613931
RJ2,C_410,24,0.17737612452963297
RH5,C_300,24,0.17833201456276507
RDE,X03,16,0.17852062588904688
RBV,C_101,24,0.18044221502330254
AAH,C_110,24,0.18102677340818937
NT434,X06,21,0.18104722592497272
NEQ,C_130,24,0.18795663974291715
NT450,X06,24,0.1885644768856445
NT3X3,X05,24,0.19074868827594946
NVC04,X06,15,0.19187107571135073
NTPH2,C_301,24,0.19411833042785218
RHU,C_430,24,0.19528045067623387
RWY,X06,24,0.19578162534929314
R0F4N,X06,24,0.19670075497415804
RW5,C_410,24,0.1980990404711076
RCF,C_330,24,0.19872402315966436
NT430,C_120,13,0.2051148686657017
ADP02,C_101,24,0.205387956347746
RMP,C_130,21,0.20864706194400107
NTPH1,C_101,24,0.2102931866458246
NVC18,C_400,16,0.21254051145849784
RYJ,C_300,24,0.21537610059607562
RJN,C_320,24,0.21652285087437928
RGT,X05,24,0.21816433623841058
RAL,C_150,14,0.21957751641342
NVC27,X06,13,0.22000249353551976
NT216,X06,15,0.22133290481282106
NT420,X06,24,0.22138857706576773
RFR,C_430,24,0.22329534900463507
RDU,C_430,24,0.22497543600980005
AAH,X06,24,0.22683422809569045
RM3,X06,24,0.23242715464481187
RXP,C_160,24,0.23474102068768396
RL4,C_120,24,0.235844001003667
RKB,C_430,24,0.23753561568443052
RCX,X06,24,0.23952071364819819
RTK,C_160,24,0.2396517329852153
NDL01,X06,24,0.24020724863042459
NVC20,X06,20,0.24131828407743053
RLT,C_301,24,0.2418014220141029
ADP02,X02,24,0.2432402707195333
RR7,C_300,24,0.24727951154451552
RTG,X06,24,0.2535526092054643
NT405,C_301,24,0.25396615718781956
RRV,C_100,24,0.2550935670518762
NT448,C_101,24,0.255226960854394
RWA,C_170,24,0.25560523262876017
NT408,C_101,24,0.25634259450975777
RNA,C_430,24,0.25655987902239596
NT406,C_120,12,0.2567567567567567
NT218,C_130,15,0.25723549680119107
NT408,C_130,24,0.2576606568468773
RWH,C_330,24,0.2588795571781135
NT339,C_150,23,0.25940855699462434
RNN,X06,23,0.2600649061776967
NVC19,X06,24,0.26357608418526074
NT408,X06,22,0.27083333333333326
NT429,C_100,14,0.2718549101414202
RTE,C_400,24,0.27194409286084226
RTE,X06,24,0.27374434660765695
NT427,X06,24,0.27663580345927496
RA7,C_300,18,0.27946793659866864
RJC,X06,24,0.28078282749576755
NT419,X06,12,0.28260869565217395
RWF,C_300,18,0.2831630913100571
NVC01,C_130,24,0.2849970331744761
RLT,C_140,24,0.28913202881516065
DFY01,C_330,22,0.28918995216060744
RPC,X02,23,0.29073265994726155
RWJ,C_300,22,0.29247020824601627
NVG01,C_130,12,0.29276792640278754
RWJ,C_170,23,0.29362695765822416
RJZ,X03,24,0.2938919807393737
RGT,X03,23,0.2949953845654178
NT204,C_120,21,0.29523331015328425
M2Y6D,C_100,14,0.29532723654268783
RWD,C_100,24,0.2954928266715019
RJ6,C_300,24,0.2965103866901423
RXK,C_430,24,0.2969533965745231
RFR,C_300,24,0.29795347656260235
REN,X02,24,0.29850751856937063
RJC,C_300,24,0.2996608058914378
NT411,C_101,22,0.3006660155180281
NVC04,C_100,24,0.3016302004757224
S4E3I,C_130,14,0.3032920572359954
RWF,C_170,24,0.30349707367778594
L9D3Z,C_130,24,0.3036281897778843
RLQ,C_100,24,0.3038072115649954
RET,C_130,24,0.3058806956310201
NVC20,C_340,24,0.30693085490784866
RJE,X04,24,0.3070952878773178
NTPAD,C_100,24,0.3086165277944017
RXQ,X04,24,0.30967438054766777
RXF,C_301,24,0.31115705503569097
NQT5K,C_430,20,0.3119490112398755
R0D,C_100,24,0.3135024999811409
RQX,C_410,24,0.31362437088297346
NVC05,C_160,19,0.3143893591293833
NVC23,C_400,13,0.3153984662237682
RBK,C_320,24,0.3161799075235005
RRK,C_170,24,0.3162894547643181
NT427,C_150,23,0.31645569620253156
NT410,X06,24,0.316957350321121
RTX,C_160,24,0.3177031398363652
RBD,C_300,23,0.31876655670339615
NVC23,C_130,16,0.3189538637606825
RJN,X06,18,0.3219036487313481
NT411,C_120,24,0.3224202685434892
NVC15,C_130,24,0.3238529893773088
RN5,C_110,24,0.32506394608478256
NT239,C_120,23,0.327081424408662
R1K,C_430,24,0.3273740397559088
RT1,X06,24,0.33013487562820537
RFF,C_430,24,0.33254669946661175
REF,C_410,24,0.33270259024983345
NT448,C_110,24,0.33545528164993677
RPY,C_330,24,0.3354574279727134
B1A5K,C_130,24,0.33585152299741167
RBN,C_150,24,0.33621859415905103
RNZ,X03,24,0.3413547347692314
NT403,C_120,24,0.34138260278499977
NT448,X06,19,0.3426938202200501
NVC05,C_301,19,0.3438432984916263
RRF,C_140,24,0.3443098991561911
NT344,X05,24,0.3459586822693392
NT337,C_301,24,0.3465985212287277
NT347,C_400,20,0.3476167695203426
NVC17,X06,24,0.3491531338256777
NVC0R,C_140,24,0.3496032226551561
RJE,C_430,24,0.3496769760294716
NT347,C_150,24,0.3509035867422432
RWA,X03,24,0.35151604689259214
RTH,C_170,19,0.352489786739419
RX1,C_101,24,0.35368291485780107
RHU,C_410,24,0.3545395880825538
RWY,C_340,24,0.35514672652820745
NT233,C_160,24,0.35570624804476114
NT343,X05,20,0.3566018798441338
RR8,C_150,24,0.35785035477277527
A4M8P,C_301,24,0.3608642905044612
NVC21,C_301,24,0.36184909255333
R0F4N,X05,24,0.3620551013138415
RAX,C_410,24,0.3627681557252748
NT455,C_301,24,0.3647335097477691
ACG30,C_130,24,0.36574726077928543
NT431,C_301,24,0.36746229472627484
NT450,C_110,24,0.368799221666342
RLT,X02,24,0.36888699108000483
NT216,X02,19,0.36998240597011933
NTPAD,C_130,24,0.37143721751628667
NT239,C_100,24,0.3715009941582538
RTK,X06,24,0.3732626326216572
RXK,C_340,24,0.37445696498469655
NT205,C_110,24,0.3745860930777472
NT324,C_100,24,0.3747527261131745
NVC15,X06,24,0.3754091017709066
RHW,X05,24,0.37580186437967894
NAM01,C_101,24,0.3759638583576969
RTX,C_300,24,0.37772629296151017
NVC0R,C_301,24,0.3784671737865282
REN,X06,24,0.38153216250087973
RXC,C_300,24,0.3817393696516188
NVC18,C_160,24,0.3825028304800167
RXR,C_300,21,0.38318405538884553
RNQ,C_160,24,0.38326908432569023
NVC02,C_101,24,0.3833308930301416
R1H,C_320,24,0.38333097872669974
NT233,C_100,24,0.38524257303317994
RXF,C_300,24,0.38784006235052554
NVC27,X02,12,0.38910730445729547
H2K1G,C_130,17,0.3892689781635752
NVC40,C_130,24,0.39047541429956373
NVC23,X06,14,0.39074105418879573
NT435,C_100,23,0.39271775131286674
RWW,C_430,24,0.3927431093462531
NFH,C_130,24,0.3931120630094073
RQM,C_100,24,0.394295846794692
REM,C_300,24,0.3948421142035093
RJC,C_430,24,0.394971309837689
NN5,C_100,22,0.3954885646342428
RAS,C_140,24,0.3956519327371276
NT431,C_130,21,0.39577039274924464
NT448,C_502,24,0.3960432299224774
RAJ,C_101,24,0.3976425813917815
RVV,C_301,24,0.39810181504994624
RWD,C_170,12,0.40159347165429377
RJ2,X06,24,0.4032013180959889
NEQ,C_301,24,0.40351427836375536
NVC31,X06,23,0.4054054054054055
R0B,C_101,24,0.4062942035125619
RAJ,C_300,24,0.4068354628427541
NT327,X05,24,0.4068492956154119
NT447,C_400,24,0.4076878392840837
RLT,C_340,24,0.4078285977515013
NT429,C_502,14,0.40924550584944847
NT455,C_100,24,0.4108618363661016
RM1,X06,24,0.4109905864472933
RAE,C_300,24,0.41416584199678097
NT333,X05,18,0.4154834248415118
RXN,X05,24,0.41581652895693777
RJ7,C_120,24,0.41692001997766365
NT204,C_150,20,0.4195965342266929
NT239,C_400,15,0.42044594195136714
RWG,X03,20,0.4223730291046508
NT350,X05,16,0.42307692307692335
NVC07,X02,24,0.42309282513112806
RAX,C_502,24,0.4243771831059966
G3Z1Q,X06,20,0.4251063316361746
RRE,X06,24,0.4251247847824571
DFQ,C_130,24,0.42785934462488573
RAJ,C_400,24,0.428537248151985
RX1,C_130,24,0.42907439305758655
NPR01,C_330,22,0.429593418017047
NEY,C_130,21,0.4299476397863428
NTP13,C_130,24,0.43008355137958254
NT3X3,C_502,24,0.43009217483428913
NTP11,C_301,24,0.4305160640759213
NT416,X06,24,0.4306896039904117
RNZ,X04,24,0.43168036505240387
NT416,C_301,24,0.4324330169823097
RTR,C_170,24,0.4329330537544532
NYR,C_130,24,0.43372563577187384
RX4,X06,24,0.4340701238335739
RBN,C_340,24,0.43502222910955857
NVC1H,C_301,24,0.43671336479843037
NMG,C_410,24,0.43695643532476447
NT364,C_100,24,0.437993020780103
NVC07,C_160,23,0.43807533765383383
RVR,C_430,24,0.4396860879171728
NVC28,X06,20,0.440533505538795
RBV,C_502,24,0.44248451842003594
NTPAD,C_101,24,0.44320228691519287
RXQ,C_430,24,0.44388550379672226
RLQ,C_170,24,0.444032122737073
NVC09,C_130,24,0.4440751511885346
RM1,C_320,24,0.44419956208998757
RJE,C_410,18,0.4442407577146349
R1F,C_300,20,0.44439140574509794
RQM,C_300,24,0.44452834619466153
NVC16,X06,22,0.44498459854723266
NT318,C_110,24,0.4452272024920154
NT433,X06,24,0.44629651133514703
NNE,X06,24,0.446364015295902
RTH,C_130,24,0.44725807722818545
RHU,X05,24,0.44739204622664436
RL1,C_430,24,0.4474221434396615
RPC,X04,20,0.44784973864111793
F0R0W,C_130,21,0.44788461261329077
NVC27,C_300,12,0.44854261357253034
NT403,C_150,24,0.4499037503319582
NT416,C_130,24,0.45230338514513424
NVC05,C_100,24,0.4526886339010444
NT427,C_101,24,0.4541471841195139
RYW,X03,24,0.4565962890415601
NVC0R,C_502,24,0.45762331556406066
NVC06,X06,24,0.45772558898150373
RTE,C_101,24,0.4581769964693321
RTD,X03,19,0.45953496100340085
NT209,C_150,24,0.4605990424253296
D5P5H,C_130,24,0.46127552976721925
NT437,C_150,20,0.46180130234622224
NT446,X06,22,0.4624143315624607
G3Z1Q,C_502,24,0.46283390296591725
K8I4X,C_120,20,0.4631418154595835
ADP02,C_502,24,0.4633134980459873
H4I8B,X02,22,0.4635701681615336
NVC28,C_160,16,0.4642857142857144
RQW,X02,24,0.4645572474804321
RPC,C_120,24,0.4645724846752418
RLQ,X04,24,0.46502205621844955
RA7,X03,24,0.465579337989213
RRF,C_170,24,0.4661071579832687
R1H,C_170,24,0.466350357573056
NT409,C_101,24,0.4669118932132051
R1K,X06,24,0.4672197871552137
REM,X04,24,0.46785598843705734
RD8,C_100,24,0.4680232754540457
RAN,C_301,24,0.46814643418704815
RH8,C_400,24,0.46815808440476714
DX1,C_110,24,0.4695885735657677
NN8,C_120,24,0.46966708128523765
ACG36,C_130,24,0.47014062928943845
RR8,C_300,23,0.47056374499913783
RXC,C_100,24,0.47060074326866896
DFQ,C_160,24,0.4707359863055799
RPY,X02,24,0.47117192150187365
NT446,C_101,24,0.47125885201457096
NT225,C_120,20,0.4717924094256962
RD8,C_430,24,0.47473161990293317
RKE,C_400,24,0.4760330365065123
NVC01,C_110,24,0.47744376777442543
RA9,C_300,24,0.47804180884692365
RW4,X03,24,0.47807226406230063
RBV,X05,24,0.4786731298416082
NT325,C_101,24,0.47911215620254205
RJL,C_160,17,0.4804835924006909
RLT,C_430,24,0.48050565585181076
NT211,C_100,12,0.48092102112311397
R1K,C_300,24,0.4810653263222623
M0N7E,C_130,24,0.4814703454065946
NT490,C_330,19,0.4817606347335142
RA2,C_160,24,0.4821615942964541
NT348,X05,24,0.4837410282768208
RWF,C_430,24,0.48387659880923994
RHW,C_410,24,0.4841514816242763
NMG,X06,24,0.4857584040534052
NT457,C_150,12,0.48648648648648646
NT235,C_130,24,0.48668746252922507
NT451,X06,24,0.4884331179782039
NT339,C_100,24,0.48988606854831024
RD8,C_330,24,0.48995199058554484
NT30A,C_100,24,0.4913751600232724
RFR,C_140,24,0.49207802965420844
RJZ,C_160,24,0.4934592513902548
RNA,X05,24,0.4937485524984667
RKE,C_120,24,0.4943689894204662
RAX,X06,24,0.4959032090044974
RTE,C_410,24,0.4983565587346799
RTH,X03,20,0.4993090801450784
AAH,C_120,22,0.5002206468771302
NVC19,C_120,24,0.5003468698615776
RMP,C_170,21,0.5009339942658864
REM,C_101,24,0.5010615054316273
NT233,C_101,23,0.5014900238704025
NDJ,C_110,23,0.5019832072543552
NT427,C_301,24,0.50201088917311
RWH,C_300,24,0.5020739021782927
RHU,C_110,24,0.502161028650698
R0D,X05,24,0.5022113636204305
NT412,C_320,15,0.5027725178273199
NTPH3,C_101,24,0.5036704176733903
RJE,C_320,24,0.5042724646091671
NVC13,X02,24,0.5051539617932795
RQW,C_120,24,0.5055371256210348
NT421,C_301,24,0.5060010793545648
NT433,C_100,24,0.5064367199369931
NTE02,X02,21,0.5064542289406383
NT405,C_110,24,0.5067565859539808
RXK,C_120,24,0.5069598854185419
RBD,C_340,24,0.5069635751865572
RBL,C_430,24,0.5090306962984059
NT364,X05,23,0.5093513631831115
RJZ,C_410,24,0.5093712652741589
NT437,C_100,24,0.509549888231234
RGN,C_300,24,0.5104883388894006
RQW,C_430,24,0.5109062611091901
NT457,C_100,24,0.5113243114844568
NT451,C_120,16,0.5115143452368306
RCX,C_330,24,0.5125660636360218
RAX,C_300,24,0.5128071386205858
RM1,C_430,24,0.5155889749405901
RHW,X04,24,0.5172753023462935
RH5,C_110,24,0.5181996416960881
RMP,C_430,24,0.5182066424018564
RGP,C_430,24,0.5185362282761524
NT229,C_160,24,0.5185618440223754
RBL,X05,24,0.5190969136518576
NT337,X05,24,0.519475117731999
NVG01,C_301,12,0.5218818501552912
NT347,C_101,24,0.5219434145007203
NRP,C_301,24,0.5220321623043738
RRJ,X02,24,0.5221065679043146
NT347,C_110,24,0.5226474068622747
RAJ,C_100,24,0.5232896659173029
RTD,C_150,24,0.5233682935957356
RJR,C_300,24,0.5235320347948114
NT408,C_301,18,0.5242495337423386
RFS,X04,24,0.5250097829984686
RTD,C_100,24,0.5251860850357303
NWV01,C_101,24,0.5254764705222454
NT301,C_301,24,0.527076821386572
RJN,C_300,24,0.5271439719114048
G3Q3Z,C_120,24,0.5272669264862768
R1F,X03,16,0.5272679205169543
RJ7,C_430,24,0.5276873731177224
RXC,C_320,24,0.5277204382610216
RJ7,C_300,24,0.5292019278936437
RF4,C_430,23,0.5297407647594689
NPG08,C_130,24,0.5299682726264158
RNQ,C_110,24,0.5305130872978222
AAH,C_130,24,0.5317487677416033
Y9S1N,C_301,12,0.5318223819879045
RHQ,X06,15,0.5324934142710861
NEY,X02,20,0.5337535302287121
R0B,X06,24,0.5345886565728297
RW1,C_120,24,0.5346451964936724
RJ8,C_110,23,0.5349908759850491
RHM,C_150,24,0.5359008117095855
RH8,C_170,18,0.5363636363636365
NVC0I,C_502,24,0.536790578847406
NT211,C_110,24,0.5370996444833067
RW1,C_410,24,0.5372881359020096
NVC0Y,C_160,24,0.5374752946614672
NVC27,C_301,24,0.5379066663368612
NT446,C_100,24,0.5387709002684801
RHM,C_300,24,0.538954411317771
RNN,C_340,24,0.5391843947956074
NT435,C_101,23,0.5395584799778961
R1G7E,C_130,24,0.5397940748576305
NT405,C_100,24,0.5404169765808645
RYR,C_100,24,0.5409237331361835
RY6,C_502,13,0.5414010047225987
NVC40,X06,12,0.5416666666666666
RHW,C_110,24,0.541918436037794
NT403,C_100,24,0.5419472004845449
NN4,C_502,24,0.5420568069067132
NTP13,C_100,24,0.542503090139539
RDE,X04,24,0.5428431618299078
NVC44,C_130,24,0.5435034791550107
NT218,C_110,19,0.5450036397486179
RTX,C_170,24,0.5451804665774994
RM3,C_330,24,0.5453255646290276
RNA,C_320,24,0.5481791693413054
RGR,C_400,24,0.5485378028204261
RTK,C_120,24,0.5488915569503016
RPC,X05,16,0.5493187055088459
NT312,C_100,24,0.5494875140081048
RTP,C_430,24,0.5500416635530642
AY1,X02,23,0.5505097556466148
NT421,X06,19,0.5508163964175316
RMC,C_300,24,0.5510161725794043
RCB,C_100,24,0.5514315344275121
NT216,C_502,17,0.5519156396271565
NVC17,C_502,24,0.5529716544233771
RBD,C_430,24,0.5531347607786936
NTPAE,C_130,24,0.5531483536346479
NT347,C_502,24,0.5537320656133181
NRP,C_120,24,0.5541003769072279
RYR,C_150,24,0.5541673839174515
RPG,X06,24,0.5542533849890504
RNA,X04,24,0.5550955064501722
NVC19,C_100,24,0.5552977460249034
NT409,C_120,24,0.5553228355771059
RJL,C_330,13,0.5555555555555556
RRE,X02,24,0.5557690819972487
RW1,C_340,24,0.5563423973698353
K8I4X,C_502,22,0.5564688834267522
RPA,C_110,24,0.5565795401720679
RFR,C_100,24,0.5566223845526449
NVC05,X06,15,0.5566385108826474
M7C9Q,C_130,24,0.556807205344405
REF,X06,24,0.5580348210520631
RJC,X04,24,0.5583504699403513
K8I4X,X06,21,0.5586096995246449
RQW,C_410,24,0.5588154552868676
RXC,C_430,24,0.558841067661921
RAX,X05,24,0.5588952146163038
RVV,C_140,24,0.5602858014121992
RTG,C_400,24,0.5609137156838776
NTPH3,C_100,24,0.5612785562433117
NT216,C_100,19,0.5622686048045441
NT457,X06,24,0.5625330475270461
RCD,C_140,24,0.562569094640344
NT3X3,C_120,24,0.562851813203034
R0D,C_340,24,0.5630124024643391
F9Z4V,X06,24,0.5632380693488573
RH5,X05,24,0.5636615368169313
NT443,C_100,24,0.5638416532732623
NT455,C_101,24,0.5641684606811724
RJ1,X03,24,0.5643755309661731
RCB,C_430,24,0.5651580288621889
NT237,C_130,24,0.5656044192721869
RL4,C_430,24,0.5656355738467365
NT205,C_130,13,0.5659375988991516
R0B,C_100,24,0.567318607414101
AY1,C_100,15,0.5674743611589371
H4I8B,C_410,24,0.5680215076606049
NT437,C_301,24,0.5681516731901269
RCF,C_340,24,0.5682219400617127
NT406,X06,24,0.5686209201869504
NT347,C_120,24,0.569048897248038
NT417,C_130,24,0.569913715571267
NT30A,C_101,24,0.5703584937022879
RWD,X06,24,0.5708752132022032
RCB,C_160,24,0.571538837938372
RDE,C_400,24,0.5718194996840911
RTE,X04,24,0.5721325713537472
NT302,C_100,16,0.572311421986213
RJ7,C_100,24,0.5726356520875033
RWW,C_120,24,0.5732690897086529
RWJ,C_430,24,0.5734172776565316
Q1S8W,C_130,15,0.5747397870320021
NT325,C_110,24,0.5752201064770839
NVC25,X06,19,0.5752417794970985
RTE,C_110,24,0.5760915670511569
RGT,X04,24,0.5765927106010458
ACG08,C_130,24,0.5769099660572421
RMP,C_300,24,0.5774013436442065
RKE,C_100,24,0.5774413624643754
RTR,C_502,24,0.577607590956878
RBL,X02,24,0.5776276602658873
RTR,C_330,24,0.5776345549569052
NT417,C_301,24,0.5778363426612686
NVC07,C_301,21,0.5789610324042421
NT304,C_100,16,0.5791792484511579
RAL,C_170,14,0.5794980162194457
ACG24,C_130,24,0.5805079241393614
T8V3L,C_130,24,0.5807431709107909
NVC01,C_301,24,0.5808480626448094
RLT,C_100,24,0.5810101780265626
RN5,X06,24,0.5821012630014409
ACG31,C_130,24,0.5821142711415351
RPA,X04,24,0.5826802228200461
RHW,C_140,24,0.5827137523380734
NT204,C_100,20,0.5829282654070811
RXW,C_101,24,0.5831133064923982
NVM,C_120,24,0.5838358682147777
RTG,C_150,24,0.5839169310569109
NT233,C_301,24,0.5847694263612087
NT233,X06,24,0.5850784571867396
RAE,C_430,24,0.5852248736286453
NT333,C_110,24,0.5858015859511956
RQX,X05,24,0.5862976511857565
RL1,X06,24,0.5863060077112866
RXN,X04,24,0.5863558818421731
NT320,C_100,24,0.5872331949307353
RWW,C_300,24,0.5873288799944109
RRK,X03,24,0.5879275076739073
NTPAD,C_320,21,0.5880044801598973
RHW,C_101,24,0.5886595892524835
RCU,C_140,24,0.588707072235458
RN5,C_320,24,0.5887472550982519
NT337,C_100,24,0.5889643236767264
NT403,C_320,14,0.5909589293177241
RJR,C_140,24,0.5910912252739572
NAM01,C_100,24,0.5913031929555977
RHW,C_340,24,0.5915527508559201
RJL,C_150,17,0.5918640302493726
NVC27,C_110,24,0.5921839161796306
RDE,C_430,24,0.5922895130375816
RGP,C_140,24,0.5923219549053035
R1D,C_320,24,0.5926735475829461
RRJ,C_300,24,0.5927514539869105
NYR,C_101,24,0.5929497358247576
TAD,X02,24,0.5930934521169866
NT405,X06,24,0.5933085337123807
RRV,C_430,24,0.5936641077123697
R1D,C_140,24,0.5939342174389621
RP4,X06,24,0.5940365931536588
B3M1X,C_130,24,0.5944878065527907
NT321,C_110,24,0.5950657269732263
RWG,C_300,24,0.5950911052131714
RK9,C_430,24,0.5951255829884552
NVC13,C_301,24,0.5953481633126411
RPY,C_140,24,0.5955417528948361
NVC0Y,C_110,24,0.5958943500269149
NVC11,C_160,24,0.5960085016631176
K8I4X,C_101,24,0.596228155030328
RRF,C_150,24,0.5975470780760754
RJC,C_502,24,0.5980789478033675
RN5,C_100,24,0.598100431667154
NT322,C_110,24,0.598353596209417
H4I8B,C_320,24,0.5991323973419415
RR7,X06,24,0.5992844584741966
NVC23,C_120,17,0.5999163395115698
NT401,C_301,24,0.6011727739291469
RCD,C_110,24,0.6017702387276331
R1F,C_140,24,0.6024678230539836
RN5,C_430,24,0.6026812422073363
NT239,C_110,24,0.6034591454769053
NT405,C_502,24,0.6036432949206837
NT424,C_150,24,0.6039479239959898
NVC05,X05,16,0.6041537697157776
NT406,C_100,24,0.6042166982848478
NT3X3,C_301,22,0.6042936381843704
NT409,C_301,24,0.6044898702552407
NT406,C_110,24,0.6045918604287582
NVC07,X05,16,0.6045987947814163
NT317,C_100,24,0.6047953500382905
RNS,X06,24,0.605664623410544
NT333,C_150,24,0.605906457493701
NT405,C_101,24,0.6059644942484045
RNN,X05,24,0.606017300829406
RD8,C_300,24,0.606898332720532
NXP,C_130,24,0.607020233076919
RFS,C_110,24,0.6075160976798597
RXK,C_400,24,0.6079866697511305
RJ1,C_170,24,0.6091610116585912
RRV,C_150,24,0.6091962443230433
NT412,C_120,24,0.6092614230081794
RJ7,C_301,24,0.6093171964575533
RLQ,C_430,24,0.6096051688145963
RVW,C_101,24,0.6096594837667649
NVC21,X06,24,0.609763742902105
K8I4X,C_301,24,0.6099491479491973
R1K,C_330,24,0.610946441920469
RBK,C_160,18,0.6111455907174759
NFH,C_140,24,0.6114062056736488
NN4,C_101,24,0.6118627892647444
RNN,C_300,24,0.6121677568229025
RRF,C_160,24,0.6122674874677482
NT440,C_301,24,0.6125179649251651
RTR,C_430,24,0.6126957331550371
NT320,X05,13,0.6126968640000439
RAJ,X06,24,0.6127498114538956
NT436,C_502,23,0.6134866297083705
RBN,C_300,24,0.6137598339375455
RVV,C_170,24,0.6139190801031872
RFF,C_410,24,0.6145017189065058
RRE,C_430,24,0.6149797667783923
RCD,C_430,24,0.6151691398146774
NVC0I,X02,24,0.615357515259125
M3R0W,C_130,24,0.6154303992291492
NT324,C_160,24,0.615442676464005
RVR,C_160,23,0.6156100607829396
NT440,C_100,24,0.6158912067234937
RGR,C_430,24,0.6160063633999486
Y9S1N,C_130,12,0.6161566082537563
ACG26,C_130,24,0.6162476355144922
NT225,X02,20,0.6162657149761
NT417,C_101,24,0.6164096284758857
R1K,X03,24,0.6166550277434945
Q1W6P,C_130,24,0.6169931332121255
RWD,X05,24,0.6170065146685508
NT441,C_100,24,0.6174428657846033
RR7,X02,24,0.617742253242773
R1D,C_410,24,0.6179323048484113
RW1,C_301,24,0.6182732235656553
NT422,C_150,24,0.6183797578552895
R0B,C_301,24,0.6183875842431942
NVC09,C_100,24,0.6191360888133287
NTE02,C_502,24,0.6198398232009121
RYJ,C_170,24,0.6202567578195698
RPA,C_430,24,0.6203372922620685
NVC21,C_130,18,0.6204708779021588
NT403,X06,24,0.6207607670433094
RYJ,C_140,24,0.6211460825717174
RM3,X02,24,0.6213585741465182
NT308,C_110,24,0.6215947777922547
NPG18,C_130,24,0.6216275904224238
NT237,C_110,24,0.6216619350161575
RX1,X06,24,0.6218952252304099
RA9,X02,24,0.6219102699086353
R0D,C_110,24,0.6221337208409977
J3J8Z,C_130,24,0.6222507330865708
RYR,C_301,24,0.6224372096408642
NT350,C_110,24,0.6226377426970624
NT332,C_160,23,0.6229631646292036
RLT,X05,24,0.6231119527183052
RFF,C_300,24,0.6232061438360302
RAX,C_130,24,0.6233674842679585
NVM,X05,24,0.6233713460171318
NVC04,C_320,24,0.6234386091381335
RPY,C_301,24,0.6234780639446538
NT345,C_120,24,0.6235840747759865
REF,C_120,24,0.6238414464538738
RLQ,X05,24,0.6238731620415505
R0A,C_170,22,0.6241909798299192
NT446,C_301,24,0.6242786767763665
RHQ,C_170,15,0.6251457494895015
RW1,C_300,24,0.6254984864390267
RWY,C_160,24,0.6255334275843083
NT449,C_100,24,0.6259340363524455
NVC23,C_160,21,0.6259527680845823
NPG02,C_130,24,0.6261371048349722
RDU,X05,24,0.6273274867468629
RX1,X04,24,0.6279083794689134
RN5,X02,24,0.628021777689144
RTR,C_150,24,0.6286578519629068
NVC1H,X06,24,0.6287015363267149
RW1,C_320,24,0.6289065390885039
RH8,C_410,24,0.6291591404060415
RHW,C_160,24,0.6291635946628868
RRF,X02,24,0.6292217848575421
ADP02,C_100,24,0.6299611291921742
RK5,X05,24,0.6301439692078048
RR8,C_170,24,0.6301802043922766
NYR,C_110,24,0.6306444187952835
RXN,C_320,24,0.6309162808062653
NVC44,C_160,22,0.6321833483184203
RPY,C_100,24,0.6325723236958615
NYR,C_502,24,0.6327179434726512
P0C3F,C_130,24,0.63282366062443
NT211,X02,17,0.632884088914927
RTX,C_340,24,0.6331488770017878
NT213,X02,24,0.6332501548525887
NPG15,C_130,24,0.6332674854614395
NT401,C_502,12,0.6333333333333334
RGT,C_410,24,0.6334722580890648
NN5,C_110,24,0.634466058485746
RNZ,C_340,24,0.6349284552908361
NTPH2,C_140,24,0.635089133579107
RHU,C_140,24,0.6352092549750084
RGT,X02,24,0.6352949854496504
RGP,X02,24,0.6354820578204126
RWF,C_110,24,0.6355111125648355
RXL,C_430,24,0.6357774255554675
RHW,C_330,24,0.6359933046373025
RXQ,C_140,24,0.6360774661696281
NT409,C_100,24,0.6363012969209924
RHU,C_340,24,0.63647878939662
RJ2,C_160,24,0.6367416178603947
NNE,C_100,24,0.6373030734285545
RHM,X06,24,0.6375390177676141
RKE,X04,15,0.6375731345676044
RTX,C_502,24,0.637593793108125
REM,C_110,24,0.6377888384536744
RBL,C_320,24,0.638335180438173
RBT,C_502,24,0.6384620463347273
RPY,X05,24,0.6387095031286835
NT410,C_100,24,0.6387269554055388
RXN,C_430,24,0.6387803108373404
RXF,X06,24,0.6390999161343421
REM,C_330,24,0.6394958999207864
NTPH3,C_502,24,0.6396816612208042
NT419,C_110,24,0.6396930459533208
NT3X3,C_150,24,0.6400306915180853
REM,X05,24,0.6401814244695626
RNQ,X06,24,0.6412484298377295
NNE,C_101,24,0.6412793364145724
RAL,X06,24,0.6413120159597331
NRF,C_120,12,0.6414499676657631
RA2,X02,24,0.6423184896648019
RGN,X06,24,0.6423502678543718
RAL,C_100,24,0.6431126450337609
RJR,C_430,24,0.6435079943137897
NVC15,X02,24,0.6438099205533775
RA9,C_301,24,0.6438947918574447
NT202,C_101,21,0.6439882836629027
RVJ,C_160,24,0.6443305896347601
RFR,C_301,24,0.6443865573246923
E3D4A,C_130,24,0.6444310541350402
NT314,C_100,24,0.6450301984347102
RLQ,C_140,24,0.6452522821343194
RMP,C_320,24,0.6454339157782064
NT312,C_160,14,0.6455614759251181
RAE,C_301,24,0.6456494632283434
RCF,C_300,24,0.6461698309247188
RVV,X06,24,0.6466335448605555
RJ6,C_101,24,0.6466735191395573
RA7,C_100,24,0.6467823326099518
NT308,C_100,24,0.6479296776402536
NT446,C_110,24,0.6480365337924731
R0D,X02,24,0.6482956508272348
NTPH2,C_101,24,0.648314881142118
NT350,C_100,24,0.6486898576748015
NNE,C_340,24,0.6489919900084512
RTE,C_340,24,0.6490923939446452
NVC01,C_100,24,0.6491553318406497
NT417,X06,21,0.6494499037635928
NT230,C_100,24,0.6496894173157094
T8R5I,C_130,24,0.6500984573584844
NVC25,C_130,18,0.6504803265799148
NT421,C_502,24,0.6506612887292575
RRV,X02,24,0.6508227800266906
RAX,C_160,24,0.6508348843047397
RWG,C_430,24,0.6509154728660514
RC9,C_160,24,0.6510109789158532
AAV,C_301,20,0.6512281377519575
RCX,C_430,24,0.6513322100984501
NT412,C_130,24,0.6513754129558893
REP,C_502,24,0.6516054476675522
RJN,C_502,24,0.6517072580843344
NT241,C_110,24,0.6518614774625349
R0D,C_410,24,0.6520214106775302
RAN,C_410,24,0.6521008686727532
NT324,C_120,24,0.6522422250516958
RN5,C_120,24,0.6522658265373676
RCF,X06,18,0.6522727272727272
NVC04,C_110,24,0.6527090682025638
NT435,C_502,21,0.6529628988863175
RAS,C_300,23,0.6532016954858436
NVC18,C_110,24,0.6533230043839505
NPG14,C_130,24,0.6533312098021724
RRF,C_320,24,0.6534965428093662
RPC,C_140,24,0.6535017371905361
NT435,X06,24,0.6537937169294961
NT406,C_150,24,0.6538453848446436
RHW,C_400,24,0.6538893602093696
NVC18,C_100,24,0.6540683196115649
H4I8B,C_130,24,0.6541571555767156
RHQ,C_130,15,0.654341713598836
RF4,C_320,23,0.6549048133276383
NTPH2,C_120,24,0.655081295339619
RHM,C_340,24,0.6557938061623795
RWA,X06,24,0.6564261581959134
RKB,C_320,24,0.6565004373844731
NT436,C_100,24,0.6568822647209732
RXP,X02,24,0.6571928383931096
RJN,C_160,24,0.6572537530474619
NVM,C_101,24,0.65730425856579
RTK,C_140,24,0.6573390924276153
NT214,X06,16,0.6575071507544116
NT242,C_100,24,0.6576700055039769
NN4,C_301,24,0.6579497287647875
RJ6,X05,24,0.6580591962256134
RC9,C_110,24,0.6584058672063459
RJ6,C_430,24,0.6587522500893399
RAL,C_300,24,0.6587882449927138
RD8,X05,24,0.6592059211440779
RWE,C_430,24,0.6594580430759093
NT350,C_150,24,0.6594964915094544
NVC19,C_110,24,0.6595191127634462
RTD,C_400,24,0.6597553669259364
RWF,C_130,24,0.6602389840665522
NN5,C_410,24,0.6604471009810524
NVC13,C_130,24,0.6605680868497679
R0D,C_140,24,0.6608754344748586
RPA,C_502,24,0.6609321029625951
RA9,X06,24,0.6611194439485797
NT441,C_301,24,0.6614148620525462
RH5,C_100,24,0.6614817979389221
RVV,C_400,24,0.6618565248300001
NT421,C_120,17,0.6619569631389414
RH5,C_430,24,0.6620580089301753
RN5,C_140,24,0.6623784977062912
RDE,C_110,24,0.6624265097709446
NT237,C_100,24,0.6624281624972018
NT333,C_100,24,0.6629522010166997
RYW,C_140,24,0.6629950752339322
RHQ,C_320,15,0.6631287643285428
NT205,C_101,24,0.6634434571458404
RXL,X02,24,0.663495086453075
O5Y9D,C_130,24,0.66486387490912
R1H,C_400,24,0.6650920512020693
NT226,C_100,15,0.6651336398655194
R1H,C_300,24,0.6652302077837046
RWD,X04,24,0.6654970445519662
RN3,C_110,24,0.6656219348114838
RX1,C_160,24,0.6657807733198613
NVC21,C_502,24,0.6659343744128908
RXC,X06,24,0.6660091923330527
NVC09,C_301,24,0.666490911555476
RMP,C_410,24,0.6667870408664611
NL8,X05,24,0.6668615553439381
NXP,C_101,24,0.6670695548451626
RP4,X05,24,0.6672386455897834
RVW,C_430,24,0.6673286813412154
RFF,C_140,24,0.6674126771981556
RTG,C_160,24,0.6675802382438362
RH8,C_430,24,0.6679038859731851
A4Q9X,C_130,24,0.6681694433069664
RXP,C_170,23,0.6682040123151842
RDU,C_400,24,0.6683601085979843
NVC23,C_100,24,0.6687203132291354
R0A,C_300,24,0.6690653565781971
REM,C_160,24,0.6691904908344675
RBL,C_300,24,0.6692562811747718
NLE01,C_101,24,0.669263109857494
NVC18,C_101,24,0.669723993821202
RCX,C_410,24,0.6702962268316418
P1B7M,C_130,24,0.670369348087129
RJN,X02,24,0.6703806949576122
RHM,X04,24,0.670851543882116
RJN,C_301,24,0.6708928790642158
RCB,C_340,24,0.6710505655104045
NT409,C_110,24,0.6710878465071412
RJ7,C_101,24,0.6718141555190814
NVC15,C_110,24,0.6723210310976896
NXM01,C_110,24,0.6724106851705725
G3Q3Z,C_100,24,0.6730899773877527
NT404,C_101,24,0.6733750137695799
RCD,X05,24,0.6739644759452046
NT226,C_110,24,0.6744032712167689
RR8,X06,24,0.6744323594336924
RR8,C_130,24,0.6748651222542731
RTG,C_430,24,0.6749214580329427
RJC,C_101,24,0.6754947072364966
RWP,C_320,24,0.676341325619474
RBT,C_340,24,0.6767039583312501
RJZ,C_330,24,0.6769203936948746
RAS,X04,24,0.6769698686817379
RKB,X04,24,0.6771003062088686
RLT,C_410,24,0.6771274340939167
NVC1H,C_130,24,0.677245550379575
RTE,C_430,24,0.6777166544048672
NT412,X06,24,0.6782802459969663
NPG10,C_130,24,0.6783871213458699
RR8,X04,24,0.6785879461878833
RWY,C_300,24,0.67884008557361
NT216,C_110,19,0.6790696344590146
G3Q3Z,C_301,24,0.6792085595201987
NT205,C_160,24,0.6792993468216247
RPY,C_160,24,0.6795490987289486
RH5,X04,24,0.6795860035527321
NL8,C_110,15,0.67981866069264
RBT,C_110,24,0.6798276769702747
RFR,C_502,24,0.6801896746094332
S1Z4X,C_130,24,0.6802970196522942
RJE,X05,24,0.680936723350506
RJE,C_330,24,0.681079218442999
E1U4T,C_130,24,0.6816226724596984
NVC01,C_160,19,0.682027530959098
NT490,X06,24,0.6821102557642565
S3H9L,C_502,19,0.6821728710249402
RBD,C_410,13,0.682182064108928
NT211,X06,12,0.6826923076923076
NVC02,C_100,24,0.6835959790846259
NT230,C_110,24,0.6837940626350464
RK9,C_100,24,0.6839527976228124
NT202,C_100,24,0.6849335771363366
RXQ,C_400,24,0.6857248763511052
RM3,C_150,24,0.685822687428978
RTH,C_430,24,0.6864514282651694
RAE,C_130,24,0.6866446300137653
RCX,C_101,24,0.6869548497802022
RNZ,C_320,24,0.6871602765808039
RK5,C_110,24,0.6872651075889175
RM1,C_130,24,0.6872787836503911
NVC19,X02,23,0.6876306432452216
RJL,C_430,24,0.6879894764426611
NVC21,C_110,24,0.6885111418974695
RRV,C_101,24,0.689032164830664
NN8,C_101,24,0.6890983207393896
NPG19,C_130,24,0.6891397123912812
RQ3,X04,24,0.6892630368202001
RXF,C_101,24,0.6892847901997002
NT343,C_100,24,0.689347867658315
NT437,C_101,24,0.6894119126310961
RFS,C_300,24,0.6899178655124097
RTK,C_502,24,0.6901614341257775
NT405,C_130,24,0.6904118357666061
RTK,X05,24,0.6907449040764609
RAL,X04,24,0.6908810124486895
NT406,C_130,24,0.691052512638944
NTPH2,C_100,24,0.6911382580856148
NN4,X02,24,0.6913177027901637
NT412,C_301,24,0.6915842652940344
RXF,C_320,24,0.6924847700069805
NT417,C_100,24,0.6925573834828493
RP4,X04,24,0.6925833590167868
RQM,C_400,24,0.6926261591868933
RWG,X05,24,0.6926725502105022
NT448,C_100,24,0.6929909379438077
RFS,C_301,24,0.6931716051641262
RBL,C_120,24,0.6933108114191954
NVC0Y,C_330,24,0.6934727240427695
B3M1X,C_100,24,0.6935197323416935
NT332,C_110,24,0.6936377624242465
RAE,X06,24,0.6937064967925926
NT437,C_110,24,0.694073877121223
RD8,C_410,24,0.6940796568139646
RYR,C_300,24,0.6947607187401423
NVC09,C_502,24,0.6948962857366183
NT210,C_100,23,0.6959166093282482
R0D,X04,24,0.6961257611290221
RWG,X04,24,0.696434000489348
NVC0I,C_301,24,0.6971602060743003
RWP,C_340,24,0.6971936347670704
RWF,C_301,24,0.6972693915703511
RH5,C_410,24,0.6974591831374988
RAS,C_101,24,0.697477117118025
RWJ,X04,24,0.6978058503472911
RGP,C_410,24,0.6978098498534508
RCX,C_100,24,0.6979181023606935
NVC09,C_110,24,0.6979805820812296
RH5,C_400,24,0.698048568331252
RVW,C_340,24,0.6992014632882764
RN3,X06,24,0.6996137625751467
RXC,X04,24,0.7001472279404048
RXP,C_430,24,0.7006791906362593
RX1,C_150,24,0.7006969353081812
NVC29,C_110,24,0.7009267177406503
RAX,C_100,24,0.7010087816179351
RYJ,C_430,24,0.7010749642317251
RN7,C_340,24,0.7011846846591661
RHM,X05,24,0.7011949415950809
NVC1H,C_100,24,0.7012478139941878
RDU,C_110,24,0.701340605203046
B3M1X,C_150,24,0.7013642656057687
NVC05,C_101,24,0.7013723627955858
RXF,C_410,24,0.7014378857321768
RXF,C_430,24,0.7015431593166722
H4I8B,X06,24,0.7018181085753699
NT423,C_100,24,0.7023682474661314
RXW,X06,24,0.7023871214839233
RHQ,C_101,15,0.7024314375203307
NL8,C_330,24,0.7026704990577496
RNS,C_170,24,0.7029321950124335
R1H,X04,24,0.7030841874742854
G3Z1Q,C_120,24,0.7031132451562392
RYR,C_410,24,0.7038322407552451
NT417,C_110,24,0.7043114589762138
RXK,C_320,24,0.7043233511081407
RTF,C_301,24,0.7043976510028389
R0D,C_300,24,0.7045528874232923
NVM,C_340,24,0.704558012886683
R0A,X03,24,0.7045733755028708
NT241,C_101,24,0.7045978520205639
RAJ,X04,24,0.7046315364031152
NVC12,C_120,16,0.7047597730596179
R1K,C_160,24,0.7049902667787575
RD1,C_120,24,0.7053108597967152
NT443,C_110,24,0.705400177724814
NT446,C_130,24,0.7057191962560568
RTF,C_340,24,0.7060380925415519
RJL,C_130,24,0.7068066867413646
RWE,C_301,24,0.7069020952202373
RD8,C_120,24,0.7069347706442488
M4C5R,C_130,24,0.7069822553152632
RN5,C_502,24,0.7070838799278819
RTG,C_110,24,0.7070843550915646
NT3X3,C_101,18,0.7072272432024594
NT348,C_101,24,0.7074239532458981
NTPH3,C_110,24,0.7075569981597813
RHQ,C_430,15,0.707618425719807
NT233,C_110,24,0.7077271607621312
NTPH5,C_100,24,0.7079150435588746
RX1,C_301,24,0.7081548119198031
AQK,X02,24,0.7082674742666998
NT434,C_100,24,0.7083627269964007
NT202,C_110,24,0.708849204238283
RNQ,X04,24,0.7088793664235185
NT308,X05,24,0.7092331833943385
RBD,C_320,24,0.7093654979717868
NT224,C_101,14,0.7094047336347415
NVC0R,C_110,24,0.7095946572615331
RAJ,C_502,24,0.7101316885770117
RM3,C_130,24,0.7102798634413728
NVC16,C_101,24,0.7103377297433985
RWY,C_430,24,0.7104234065862761
NVC27,C_100,24,0.7114927773564621
NFH,C_110,24,0.711957889866446
RM3,C_110,24,0.7119845316040303
NT3X3,C_100,24,0.7122073035009658
RH8,X06,24,0.7122625922447554
RXF,C_120,24,0.7124585449571031
NT315,C_110,24,0.7125830909403099
RCF,X05,24,0.7130739502393542
NT450,C_130,24,0.713286612772826
NT209,C_110,24,0.7133235504527569
RL1,C_110,24,0.7133689877478897
RM1,C_330,24,0.7136257829340381
NT429,C_110,24,0.7137966227126866
NLE01,C_502,24,0.7142022493096845
NVG01,C_100,12,0.7144376776299189
RHM,C_320,24,0.7150562862873575
RXL,C_301,24,0.7150568381401333
RCB,X06,24,0.7155320194012456
RXN,X06,24,0.7157256534314167
NCN,C_330,24,0.7159529772957709
RTE,C_320,24,0.7160948244215183
F9Z4V,C_130,24,0.7161492527281481
RGR,C_410,24,0.7162549378297114
NT313,X05,24,0.7166963124435951
RL4,X06,24,0.7170309556402263
RH8,C_110,24,0.7171443563474894
RC9,C_340,24,0.7172686253206298
RCX,C_400,24,0.7175268157433723
RCB,C_320,24,0.717575280360068
NT315,C_100,24,0.7176968491032351
RN7,C_300,24,0.71801233637148
RJZ,X04,24,0.7180431763991872
RDE,X02,24,0.7184673251756939
NCR,C_130,24,0.7187198043618134
RNQ,C_301,24,0.7188513677710735
RWP,C_160,24,0.7189018039481351
RWA,X05,24,0.7189091382287226
RMC,C_330,24,0.719205891155904
NTPAD,C_301,24,0.7199332305573256
RJR,X06,24,0.7199421841934855
RD1,X05,24,0.7202343390645708
R1H,C_101,24,0.7202457195408458
RWY,C_110,24,0.7203317965965178
RXK,C_410,24,0.720511889661521
RMC,C_170,24,0.7206742742552876
RVW,C_300,24,0.7209157180236396
RTX,C_430,24,0.7211551257417409
R1D,C_100,24,0.7214436302849554
NYR,C_160,24,0.7214746148334019
RNN,C_430,24,0.7216185863796892
R1F,C_100,24,0.721705608358204
RAL,C_120,24,0.7217336781731045
RTH,C_340,24,0.7221275885123819
NT205,C_100,24,0.7221638624944104
RTE,C_301,24,0.7221858569797652
Q8X0X,C_130,15,0.7223133213247664
RJL,C_320,24,0.7224989292310943
RHQ,C_120,15,0.7225350648508441
RFS,C_410,24,0.7225635414147048
RGT,C_100,24,0.7229518302138818
NNE,C_150,24,0.723320276156533
RX1,X02,24,0.7234836261675495
RVW,X05,24,0.7236328748843689
NVM,C_110,24,0.7238875895401242
NT345,X05,24,0.7242569856288313
NNE,C_320,24,0.7243339176031341
NT351,C_400,24,0.7247127082735332
RCB,C_120,24,0.7248229967802212
NT351,C_100,24,0.7248471934267938
NT313,C_100,24,0.7249744137164441
RJ7,C_130,24,0.7250668011585566
NVC13,C_502,24,0.725287612406662
RWG,C_502,24,0.7253049777503601
NVC09,C_410,14,0.7253521126760563
RTH,C_300,24,0.72539014159531
RVR,C_300,24,0.7255792343379609
O1P6X,C_130,24,0.7258780109357785
RNQ,X05,24,0.725970486188472
RQX,C_430,24,0.7262753331768265
RWP,C_140,24,0.7263626219691253
RBK,C_110,24,0.7266252498838793
RPC,C_320,24,0.7271173459201502
RKE,C_130,24,0.7277645744125496
RXQ,C_100,24,0.7278075600591124
NVC17,C_301,24,0.7280284207087296
NT490,C_130,24,0.728085182426883
NVG01,C_120,12,0.7281554877245501
RTH,C_301,24,0.7281596272577392
RXL,C_320,24,0.7283354291234526
RNZ,C_430,24,0.728638442356415
NN4,C_160,24,0.7286990402000137
RBN,C_430,24,0.7287093393018144
NVG01,C_110,12,0.7287577933623034
NT447,C_110,24,0.7288825092245316
RTG,C_502,24,0.7289438893901066
RAS,C_160,24,0.7289913243996685
RTK,C_340,24,0.7293364759262683
RP5,C_340,24,0.7293896904618422
RW1,X02,24,0.7295559179697388
NVC09,C_400,24,0.7295834359584821
RTR,C_140,24,0.7298837842424896
RL4,C_101,24,0.7301026793965707
NVC31,C_301,24,0.7302938847000044
RKB,X06,24,0.7303075102291993
RKB,C_400,24,0.7304683837934103
RHQ,C_160,15,0.7306121072923223
RAJ,C_430,24,0.7306281536626381
NXP,C_100,24,0.7307749664025927
NVC02,C_130,24,0.731423195875999
NVC19,C_301,24,0.7318235021844208
NT424,C_100,24,0.7318810143246322
RRV,C_140,24,0.731940064521064
RJR,C_340,24,0.7320122663591059
T4I8V,C_130,22,0.7322020173055367
RD8,C_130,24,0.7322525810141355
NTPH2,C_130,24,0.7322602904495255
RTE,C_300,24,0.7323926763768619
NN8,X04,15,0.7324840764331209
RJ6,C_400,24,0.7326799782597758
NAM01,C_110,24,0.7328274179305162
RTX,X04,24,0.7333811689303334
F9Z4V,C_502,24,0.733670940498215
NT239,C_101,23,0.7337822988178169
RBD,X05,24,0.7338562428900965
RRF,X04,24,0.7341398641000523
REF,C_130,24,0.7344071232427525
AAH,C_100,24,0.7347478545336172
RXP,C_301,24,0.735180488510685
RAJ,C_410,24,0.7351927132773318
NTPH2,C_502,24,0.7353468069741775
RBK,C_120,24,0.7357993955376093
NT449,C_301,24,0.7358355745738103
NT325,C_100,24,0.735854382190963
NT347,C_301,24,0.7360304051087313
RWG,X02,24,0.7362689198074343
RVJ,X06,24,0.7364121898712179
RNQ,C_330,24,0.7370028732743122
RM3,C_100,24,0.7370551829142689
RAL,C_301,24,0.7371490919803872
RXF,C_502,24,0.7371854141971632
RQX,C_100,24,0.7373316173544231
F9Z4V,C_301,24,0.7373986450924015
ADP02,C_110,24,0.7379005359813152
RJ6,C_502,24,0.7385359425380812
RXR,X02,24,0.7389415147114315
NTPAD,C_110,24,0.7389731664786318
R1H,C_410,24,0.7392864774478908
RAL,X03,18,0.7394883485309018
RK9,X06,24,0.7396075139080533
RWY,C_100,24,0.7396650118743225
RXN,C_110,24,0.7397113827341582
R0B,C_120,24,0.7401131759548009
RWA,C_430,24,0.7403166324002288
RTK,C_100,24,0.7403837626498923
RN5,X04,24,0.7405204559009767
RWE,C_100,24,0.7406361766208006
RVV,X02,24,0.7407726355754665
RMC,X06,24,0.740834894776921
RBV,C_160,24,0.7409858875606151
NT224,C_110,24,0.741326624063198
RHM,C_502,24,0.7414657906140123
NVC40,C_100,24,0.7416205824328993
G5X2Q,C_130,24,0.7416876901620042
G3Q3Z,X05,24,0.7424729619070484
RWY,C_140,24,0.7425786607896958
RRF,C_301,24,0.7427062614487473
RHW,C_100,24,0.7430335577724083
NT421,C_101,24,0.7430363817624804
NT403,C_301,24,0.7432309344858428
RH5,X02,24,0.7433824748676546
RH8,C_140,24,0.7434816582904316
RRE,C_400,24,0.7435116908547558
R1H,X06,24,0.7436044594272179
R1D,X04,24,0.7437096990103672
REF,X04,24,0.7437574211121789
NT430,C_301,24,0.7441986442583695
RP5,C_430,24,0.7442063345426059
NT305,C_110,24,0.7442837757051901
RRV,C_170,20,0.744348909592514
RNQ,C_320,24,0.7450315313080401
RTK,C_101,24,0.7450701516222334
RK5,C_430,24,0.7453477013932912
RJE,C_120,24,0.7455141129132038
RJN,C_100,24,0.7456943966450534
REM,C_410,24,0.7457954434598603
RL4,C_330,24,0.7459029687036248
RBN,X06,24,0.7459280315249598
RBK,C_340,24,0.7459992153339929
G3Q3Z,X02,18,0.7462661557363407
NVC15,C_100,24,0.7462821587087655
NT347,C_100,24,0.7463826021846592
NTE02,C_100,24,0.7464051898618984
RTH,C_150,24,0.7465924818987274
NVM,C_100,24,0.7467111100705375
NT418,C_101,24,0.7469104134137845
NVC05,C_110,24,0.7471698166634846
RXF,C_160,24,0.7471975384807719
RWJ,C_410,24,0.7472073797927007
RM1,C_101,24,0.7473901713013766
NT436,C_130,24,0.7474535768280883
I1H7K,C_130,18,0.7477895600568889
RBL,X04,24,0.748006229426575
RPC,C_410,24,0.7481109200086352
RXC,C_502,24,0.7482376150861064
R0B,C_140,24,0.7484769431893042
NT206,X06,24,0.748480677824303
RNZ,C_110,24,0.7487982994120514
RXF,C_140,24,0.7491273236881096
REM,X02,24,0.7491451195777079
NT30A,C_110,24,0.7491909542245012
F9Z4V,C_120,24,0.7492637511519155
NNE,C_300,24,0.749419076996203
RTP,C_330,24,0.7494551691730285
RL4,C_100,24,0.7495074610606441
NT214,C_110,23,0.7495756058712634
RF4,X06,23,0.7497544496788591
RNN,C_410,24,0.7500207814371006
NVC06,C_410,24,0.7502448555553713
RXL,C_100,24,0.7502722082356065
RCF,C_320,24,0.750327596495264
RNZ,C_300,24,0.7504471138655687
NTPH1,C_502,24,0.7504552931324261
RWE,C_300,24,0.7506236032108318
NT436,C_101,24,0.7507698545031981
NT204,X06,23,0.7507906458165858
NPG17,C_130,24,0.7509015380483576
RYR,C_330,24,0.75111567450529
NT209,C_100,15,0.7516483192280212
RJN,C_101,24,0.7517212156217256
DFQ,C_100,24,0.7519406826043361
RWP,X02,24,0.7519569881487355
RAN,C_160,23,0.7520726748825161
RXN,C_160,24,0.7525155012418622
RP6,C_130,24,0.7526853807473596
RR7,C_301,24,0.7528376852838071
RA9,C_101,24,0.7528797648033189
RJ1,C_150,18,0.7528879668007258
RX1,C_330,24,0.7529237354358801
NT450,C_101,24,0.7529732343169041
NVC06,C_101,24,0.7530835536044197
RC9,C_430,24,0.753165508258772
REF,C_502,24,0.7533142201555406
B9J4U,C_130,24,0.7539135814351725
RL4,C_140,24,0.7539504381622194
RVJ,C_100,24,0.754150573018985
NT241,C_100,24,0.7542887321259889
RN7,X06,24,0.7544220304706661
RR7,C_502,24,0.7545211104576327
RN7,X05,24,0.7545701714592006
RA2,C_400,24,0.7548563821815143
RNN,X04,24,0.7549063781559003
NT339,C_110,24,0.7549248690339501
RKB,C_150,24,0.7549894973282018
RJ2,X05,24,0.7550335280477943
NTP16,C_130,24,0.7551678728095962
R1H,C_430,24,0.7552007174214563
NVC23,C_502,24,0.7552373639237755
RJ2,C_430,24,0.7553324106662836
RW5,C_110,24,0.7558682367458885
NVC08,C_130,24,0.7560331906449712
RAS,C_130,24,0.7560869690177792
R0D,C_430,24,0.7560949633893512
NVC23,C_101,24,0.7561756036843363
NT301,C_101,21,0.7567397859536416
RL4,X05,24,0.7572100405205027
RKB,C_502,24,0.7573376490575531
NVC08,C_110,24,0.7574368187677682
RBN,X02,24,0.7574983003975709
REM,C_301,24,0.7581328420287731
RTD,C_110,24,0.758156688601574
RWG,C_130,24,0.7582366023897914
NVC40,C_502,24,0.7583696714757283
RTP,C_140,24,0.7583767092216315
RWH,C_430,24,0.7585289536479991
RHW,C_120,24,0.7585313924433181
RAL,X05,24,0.7586170915762611
RBK,C_502,24,0.7586523558530464
RK9,C_301,24,0.7586573733447404
NVC21,C_101,24,0.758974228732795
RX1,C_110,24,0.7589756735918467
NT350,C_101,24,0.7589938854292911
RKE,C_320,24,0.7590503555455561
RTF,C_100,24,0.759239513232559
R0D,C_502,24,0.7592407281589207
RWP,X04,24,0.7593246686855235
RDU,X04,24,0.7595446282682867
NT409,X06,24,0.7598741804605385
NT410,C_101,24,0.7599202225156353
RHW,X02,24,0.759949635003771
RVW,C_110,24,0.760212633639009
NT402,C_100,24,0.7603962444209273
RL4,C_301,24,0.7605080609099076
RVW,X06,24,0.7605082768559724
RLQ,X02,24,0.7605104261524686
RX1,C_502,24,0.7607252907531546
RAN,C_110,24,0.7608253626554249
NVC27,C_101,24,0.7608897317107507
RL4,C_110,24,0.7609409340378908
NT402,C_301,24,0.7610068699830828
RX1,C_170,24,0.7614328913222366
RWP,C_130,24,0.7614574180485069
RK9,C_300,24,0.7615006779978959
RAJ,C_130,24,0.761844514627357
NT204,C_101,19,0.762005723166802
RN3,X02,24,0.762158186715749
RM3,X05,24,0.7622896839979081
RM3,C_400,24,0.7623792798349263
NT320,C_502,24,0.7624832657181073
P5Y6K,C_130,24,0.762553473074925
RBN,C_110,24,0.7625745433232962
RK9,X04,24,0.7625833492978513
RWP,C_120,24,0.7631345974083138
NEY,C_101,19,0.7633432888366346
NT457,C_130,24,0.7634326089956068
NVC21,C_100,24,0.7636423810271702
RD1,X02,24,0.7637271683412253
NT457,C_110,24,0.7637332652666482
RTG,C_130,24,0.7638303104707964
NVC13,C_101,24,0.7638648335465554
RAJ,C_160,24,0.7639544028438349
RGR,C_300,24,0.7640818238665454
RTR,X06,24,0.7646240408131262
RAE,C_140,24,0.7646504529109912
NT418,C_301,24,0.7646774975726923
NT431,C_110,24,0.7649873282729248
RGT,C_502,24,0.7650793001018212
RPC,C_340,18,0.7651242074090547
NT449,C_150,23,0.7655743719816044
RGR,C_100,24,0.7656419535234006
RK5,C_301,24,0.7657515350803858
NT423,X06,24,0.765763078333474
RLQ,C_410,24,0.7659866451333982
RTE,C_502,24,0.7662357286238647
RHM,C_100,24,0.7663083551735543
RVJ,C_400,24,0.7665227395574703
NVC02,C_502,24,0.7666338297963938
NT242,C_130,24,0.7669215906329339
RMC,C_430,24,0.7671082719507746
RFS,C_502,24,0.7675324692574006
RFS,X02,24,0.7679036352907119
RXQ,C_301,24,0.7681514378048214
NVC17,C_100,24,0.7687380423288797
NT416,C_110,24,0.7687833214419035
NVC22,C_101,24,0.7688302133883177
B3M1X,C_120,24,0.769123730267521
RP5,X06,19,0.7691492671625769
NT350,C_160,24,0.769298655572737
RTF,C_502,24,0.7693979499359838
RPC,X06,24,0.769400675048917
RGT,C_300,24,0.7694051033558068
NVC20,C_101,24,0.7694456470070824
RNS,X04,24,0.7700669736675133
RKE,C_430,24,0.7700740503773177
F7F6D,C_130,13,0.7700878900225933
NVC15,C_301,24,0.7701256425423848
NT210,C_110,24,0.7701912996501143
RYR,C_170,24,0.7702038032961982
RWA,C_150,24,0.770668035713959
REF,X05,24,0.7707509122518975
REF,C_330,24,0.7708133560194744
RLQ,C_300,24,0.7708577651821013
NT242,C_110,24,0.7711109270105582
RJ2,C_301,24,0.7711119647726798
RQ3,C_502,24,0.7714203332031003
RJZ,C_140,24,0.7714252685339422
NT441,C_502,24,0.771600217431354
RDE,C_320,24,0.771670407391431
R0A,C_400,24,0.7716787756141844
RRF,X05,24,0.771876797537518
RAS,C_320,24,0.7719076482104179
RXF,C_130,24,0.7721005838468488
RJ2,C_110,24,0.7721665233033095
REM,C_100,24,0.7721678392678675
RWA,C_160,24,0.7722769902139877
RBL,C_330,24,0.772302100747177
RGP,C_300,24,0.7726354652402487
RXP,C_320,24,0.7727222218281754
RPA,X06,24,0.7729441101739432
RA7,X04,24,0.7729759602054986
RJ7,C_160,24,0.7729801689927936
NT490,C_110,24,0.7731375322595883
RCB,C_300,19,0.7732035516370024
RQM,X04,24,0.7734399304398178
NT455,X06,24,0.7734740299103922
RXW,C_170,24,0.7737355212051641
NVC11,C_502,24,0.7738001439870538
RBL,C_140,24,0.773844060173752
RP7,X03,23,0.773923518970293
RNS,X05,24,0.7739257842677771
NT226,C_160,24,0.7742734732317169
RJL,C_300,24,0.7743142592063208
RWY,C_130,24,0.774426176452599
RJL,C_110,24,0.7744930733952757
RDE,C_502,24,0.7748545251297336
NT440,C_110,24,0.7753129642688535
NT347,X05,24,0.7756168834374495
RVJ,X02,24,0.7757343494466021
RH5,C_120,24,0.7758968692467756
R1H,C_110,24,0.7759137539297365
NT435,C_110,24,0.7759811371980974
NT416,C_101,18,0.7760606391854553
RCD,C_130,24,0.7760983689623282
RXL,C_110,24,0.7761055705609475
NPG13,C_130,24,0.7761391927685009
NVC19,C_130,24,0.7761906794499501
R0F4N,C_120,22,0.7763617599895879
RJL,X05,24,0.7765299226700362
NVC05,X02,24,0.7765405355042284
RP4,X03,24,0.7767272287004563
NT316,C_100,24,0.7768027783909838
RHW,C_130,24,0.7769940056069065
RJN,C_120,24,0.7771429388308102
NT345,C_100,24,0.7771552211726872
RTP,C_101,24,0.7774455717535268
RWE,C_140,24,0.7774924688350839
NVC40,X02,24,0.7774951960179696
R1F,C_110,24,0.7778672861452409
RWY,C_330,24,0.7779922437170833
RVR,C_502,24,0.7780436352847522
NVC31,C_100,24,0.7780516021618066
NVC12,C_301,24,0.7784577711424437
RJ6,C_160,24,0.7785054749764129
RXP,C_110,24,0.7786887387233637
RWY,C_502,24,0.7789876295487844
RGN,C_330,24,0.7791190062450907
RNS,C_101,24,0.7793022992554893
NT321,C_502,24,0.7793246405243214
RCD,C_100,24,0.7793703394234234
RVR,C_110,24,0.779510571479529
NT403,C_101,24,0.7796539489190433
RHU,C_130,24,0.7797787684552282
RYR,X05,24,0.7798080214733962
B3M1X,C_101,24,0.7798926612062653
R1K,C_410,24,0.7799319754391778
RHU,C_320,24,0.7799563029195132
NVC27,C_502,24,0.7801555261892001
RJ6,C_301,24,0.7801816418614348
RKB,C_300,24,0.7803513408007385
RBT,X06,24,0.7807732199612163
NVC05,C_502,24,0.7808303146229698
NT437,X06,24,0.7809902614766994
RWE,X04,24,0.781003143967619
NVC20,C_120,24,0.7810959763788273
RAN,C_101,24,0.7811244384402769
NVC31,C_110,24,0.7812963103585536
RRV,C_320,24,0.7813050713728117
RR8,C_330,24,0.7814176458107825
NVC15,C_101,24,0.7817843037183628
RTH,X04,24,0.7820714484018481
R0B,C_410,24,0.782109467948769
I2C7H,C_130,24,0.7821723505885789
RAL,C_130,24,0.7822277347161227
RAJ,X02,24,0.7822540658307096
RAL,C_410,24,0.7822584540257248
RKE,C_160,24,0.7823507207737431
RNZ,C_301,24,0.7824822720482554
RNQ,C_130,24,0.7825763807459131
NT364,C_110,24,0.7825955073534108
RVJ,C_301,24,0.7829558957864325
RGR,C_160,24,0.7829751564878984
RYR,X02,24,0.7830137466797094
RXN,C_100,24,0.7832109749029507
RDR,C_110,24,0.7834090015942266
RX1,C_300,24,0.7834301275154938
RHQ,X05,15,0.7837691600425272
RWH,C_400,24,0.7838697000532017
NT325,X05,24,0.7841824341414295
NT314,C_110,24,0.784467456784182
RRK,C_430,24,0.7845611807625283
RDE,C_160,24,0.7845796389568668
RQW,X05,24,0.7846942268073451
B3M1X,C_110,24,0.7847599541177981
RVV,X04,24,0.784893214078256
RTK,C_400,24,0.7850094018400879
NVC07,C_130,24,0.7850785429260599
RAL,C_320,24,0.785560971336934
RKB,C_110,24,0.7856077189144258
RJ6,C_320,24,0.785943197681932
AY1,C_410,23,0.7861563584535308
REM,C_340,24,0.7862804252956423
RA2,C_410,24,0.7864267414834982
RQM,C_110,24,0.7865643440867404
RBT,C_101,24,0.7865644342618144
NFH,C_160,24,0.7865851249688846
RTR,C_120,24,0.7869019865295619
RJE,C_130,24,0.7870008228683008
REM,C_320,24,0.7870793375313827
NVC05,C_120,24,0.7871453741899089
RRF,C_430,24,0.7873587359332846
RH5,C_101,24,0.7875602566574813
RHQ,X02,15,0.7876401450214242
NVM,C_130,24,0.7876919582306321
NTX,C_101,14,0.7878081603873339
RBD,C_101,24,0.7882088900805118
RGN,C_340,24,0.7882879356925041
RWD,C_430,24,0.7884164467193627
NTE02,C_101,24,0.7886396026640963
RBL,X06,24,0.789030357366185
RCX,C_502,24,0.7892192012405221
RTK,C_170,24,0.7897395599581708
RJZ,X06,24,0.789749872796409
RM3,C_300,24,0.7899451452879866
NVC08,C_301,19,0.790158626367511
NPG01,C_130,24,0.7904505443391563
NT423,C_502,24,0.7904774435706133
RNN,C_100,24,0.7905635790058653
AAV,C_130,24,0.7906291560750928
RAS,C_120,24,0.7906345915988833
RR8,C_140,24,0.7907045867687159
RHW,C_320,24,0.7907358717768699
NVC20,C_502,24,0.7908001063511729
Z9Z1G,C_130,24,0.7908564645020162
RTP,C_120,24,0.790912737931542
NT348,C_502,24,0.7909195741644512
NVC17,X02,24,0.7910080821554777
RVR,C_410,24,0.7911296918229097
RTX,C_100,24,0.791305571674432
RJE,X06,24,0.7913378589108616
RHQ,C_410,15,0.7913549271455278
RNS,C_320,24,0.7915580360472461
RJ6,C_340,24,0.7917100415698191
RJE,C_101,24,0.7918069935090266
NT219,C_100,24,0.7918449980034243
RVV,C_100,24,0.7920562627698234
A4M8P,C_100,24,0.7922153959917664
RCB,C_110,24,0.792224121156662
NWF01,C_120,24,0.7922312250359882
NT451,C_110,24,0.7922381989778473
RCX,C_140,24,0.7922915812626027
RHU,X04,24,0.7925530663728508
NT206,C_100,24,0.7931642549139605
RCX,C_300,24,0.7934581165608154
RN7,X02,24,0.7935317974540337
RF4,C_130,23,0.7935977139303261
R1H,C_120,24,0.7936683640785025
RHM,C_120,24,0.7941243877219816
RBK,C_400,24,0.7944742747021744
REM,C_140,24,0.7945402460247809
RD8,X04,22,0.7946176991609388
RM3,C_101,24,0.7948682591668658
NT319,C_110,24,0.7949827097659986
NT229,C_110,24,0.7949855250617085
H4I8B,X05,24,0.7950137238847227
RYJ,C_101,24,0.7950454468196371
RJ6,C_330,24,0.7951414937223816
RA7,C_410,24,0.7952146204060336
RFF,C_100,24,0.7952160711777169
NVC22,C_120,24,0.7953162650207853
NVC18,C_502,24,0.795521656541903
RTR,C_100,24,0.7955479920199837
NT314,C_150,24,0.7957280968550265
RH5,C_170,24,0.7958972073100715
RWF,C_100,24,0.7959845811139551
RQX,C_130,18,0.7961585914461238
NVC17,C_110,24,0.7962012961987829
RTX,C_130,24,0.7964774412418003
RJN,X04,24,0.7965462871947342
NYR,C_410,24,0.796588346963101
RBN,C_101,24,0.7966191284371266
RAS,C_301,24,0.796778805574985
NVC20,C_160,24,0.79679046796117
NTX,C_110,24,0.7968500953261389
RVR,C_340,24,0.7968968138450814
RXK,X02,24,0.7971812966430102
RJR,C_502,24,0.7973717052530938
RBL,C_101,24,0.7974215716572046
RTR,C_340,24,0.797522547213549
RBT,C_430,24,0.7975915781700336
RXF,X05,24,0.797614151906728
NT406,C_101,24,0.7976405142890527
RWP,X05,24,0.797778171652168
NYR,C_330,24,0.7978870028084324
RGT,C_340,24,0.7979590255193542
RXN,C_301,24,0.7979614771144542
RGP,X04,24,0.7980994340399862
RN5,C_410,24,0.7981522135459471
RD8,C_110,24,0.7982690363900983
RAS,X06,24,0.7984067774490058
NVC31,C_130,24,0.7984372303586031
RXK,C_170,24,0.7984457463828855
NNE,C_410,24,0.798697155608345
RXR,C_330,24,0.7987009098177205
RWA,C_100,24,0.7987824867388721
RFF,C_330,24,0.7988667735894327
RWY,C_320,24,0.7989096995417889
NT430,C_100,24,0.7989099363578736
RJ7,C_110,24,0.7990833981874006
RTX,X06,24,0.7991436632533785
RWJ,X06,24,0.799514007179214
RTE,C_330,24,0.7996232461461991
RWD,C_400,24,0.799685350401464
RH8,C_160,24,0.7997099263372724
A4M8P,X02,24,0.7997111500929233
RH5,C_160,24,0.7997481112095046
RA7,C_430,24,0.7997917865079263
NVC29,C_100,24,0.7999202398363269
NVC12,C_130,24,0.8000859324786631
NT457,C_120,24,0.8001139897158352
NT402,C_110,24,0.8001238386469454
NTPH1,C_100,24,0.8002007494491492
RJE,C_110,24,0.8002503535280295
RP5,C_301,24,0.8003096737074155
RMC,C_160,24,0.800382102610761
RA7,X06,24,0.8004159662635758
RPA,C_301,24,0.8005904437340773
REF,C_301,24,0.800719707171731
RA7,C_502,24,0.8007910323899332
NVC0I,C_101,24,0.8011210515933954
RKE,C_300,18,0.8011519871698184
RGN,X03,24,0.8011991294584911
NT406,C_301,24,0.801386673098161
RKB,C_340,24,0.8014459182462994
NT412,C_110,24,0.801452726029057
RA7,C_301,24,0.8016916545424984
NT457,C_101,24,0.8018764627637198
R0D,X06,24,0.8018889962250224
RTF,C_320,24,0.8021375682223828
RAJ,C_140,24,0.8021575621624211
NT424,C_110,24,0.8021867031963418
NVC19,C_101,24,0.8023227257169386
RL4,C_300,23,0.8024627008956584
NT337,C_160,13,0.8027077395071719
R1F,C_120,24,0.802796398604254
RAE,C_410,24,0.8028050137764015
RJE,C_160,24,0.8028715893451442
NT324,C_110,24,0.8029461616133364
NT404,X06,24,0.8032867520255988
RQM,C_160,24,0.8033119273040713
RHU,X06,24,0.803547419063215
RTH,C_100,24,0.8035536881717067
RR7,C_110,24,0.8037836094616534
NT337,C_101,24,0.803985490095227
RR8,X02,24,0.8040495288865889
RGR,C_130,24,0.8041586888923671
RGT,C_430,24,0.8041680681837996
RWD,C_502,24,0.8042660405152051
RL1,C_300,24,0.8043517802312541
RJ1,C_320,24,0.8044225265915075
RXL,X04,24,0.8044948838860627
RGR,X05,24,0.8049095270801043
NT490,C_100,24,0.8054581860785293
RFR,X05,24,0.8055296411820884
H4I8B,C_110,24,0.8056577802928124
NVC11,X02,24,0.8062035553475353
NTPH3,C_130,24,0.8062953430650821
RLT,X04,24,0.8066801693297171
RXL,C_410,24,0.8067291695111342
NT312,C_110,24,0.8067636248454252
RRF,C_410,24,0.8070046346070859
RAE,C_330,24,0.8072234558246957
RAX,C_301,24,0.8073986494729406
NT317,C_110,24,0.8074444840876569
RWY,X02,24,0.8074918576255334
Y9S1N,C_100,12,0.8075410075263433
NT348,C_110,24,0.8075939819351003
RR8,C_120,24,0.8076149197994131
RLT,C_101,24,0.8076315835763396
RXL,C_130,24,0.8077849853840965
RDE,C_100,24,0.8080994540733233
RPA,C_410,24,0.8082190266947467
RWA,X04,24,0.8083928906978922
G3Z1Q,C_101,24,0.8086325213479282
NT418,C_100,24,0.8089790238127467
RQX,C_120,24,0.8090928893678592
F9Z4V,C_110,24,0.8091051800728604
RGN,C_502,24,0.8095239569194491
RM3,C_120,24,0.80964284126763
RD1,C_340,24,0.8097035715584273
RJZ,C_320,24,0.8099394456535853
RMP,C_110,24,0.8100624957819547
RAJ,X05,24,0.8100995415945047
NWF01,C_301,24,0.8102030392656306
RD1,C_110,24,0.8102191475321133
RR7,C_320,24,0.8103528444842371
RFS,C_101,24,0.8103978946532913
RTG,C_340,24,0.8104883461548145
NT421,C_100,24,0.8105195747379601
RP5,C_101,24,0.8108879208273226
DX1,C_100,24,0.8109185145600568
RHU,C_502,24,0.8109489691545693
RVW,C_301,24,0.8109791976985028
RCF,C_140,24,0.8110821150390342
RDU,C_330,24,0.811359478779601
G3Q3Z,C_110,24,0.8115005861995602
RGN,C_140,24,0.8122206377501583
RWH,C_502,24,0.8122251944001702
NT441,X06,24,0.8122597355828797
RVR,C_130,24,0.8123299003388667
RTR,X04,24,0.812362374081144
RWF,C_320,24,0.812509182668524
RWH,C_120,24,0.8125382848436989
RNZ,C_330,24,0.8125871623888528
NT321,C_100,24,0.8126082891085006
S3H9L,C_120,19,0.8127805472649912
RTP,C_100,24,0.8128115155070343
RK9,C_400,24,0.8130476343599937
NT343,C_110,24,0.8130544567695873
RBT,X02,24,0.8131515978068088
RBK,X06,24,0.8134643615427075
RYJ,C_120,24,0.8134962889303362
RD1,X06,24,0.813585146664349
NVC19,C_502,24,0.8137103400612794
RWW,C_110,24,0.81381732295829
RNS,C_502,24,0.8139224001156458
RPA,X02,24,0.8140082926927542
NN4,C_100,24,0.8141266034321634
RH8,X05,24,0.8143233751899732
NT241,X02,20,0.814540115814602
NEY,C_502,24,0.8145885997520522
NT416,C_502,24,0.8147509085020773
RGR,X04,24,0.8150221239508753
NT212,C_110,24,0.8151498234888631
RNA,C_160,24,0.8153145225166228
R1K,C_502,24,0.8155224122827146
RVV,C_430,24,0.8157450600615239
RVW,C_320,24,0.8158002061322905
RVR,C_320,24,0.8158587101831231
RYR,C_502,24,0.8158846066780265
RNA,C_130,24,0.8159098318060214
RJL,C_140,24,0.8161641978327094
RTR,C_160,24,0.8162702624598265
RJ7,X04,24,0.8162879330619812
ACG37,C_130,24,0.8163558400532318
NT436,C_301,24,0.8163986353160683
NT450,C_100,24,0.8165553752697777
NPG23,C_130,24,0.8165927090121309
RTK,C_330,24,0.8168590156806614
R0B,C_400,24,0.8168924946364572
RXQ,X06,24,0.8168952240467129
G3Z1Q,C_301,24,0.8169613336756287
NT416,C_100,24,0.8171456570205814
RWE,C_120,24,0.8171905166759256
NT224,C_100,24,0.8174827424427707
RVR,C_330,24,0.8180534620278254
RF4,X05,23,0.8180750849924584
NVC20,C_100,24,0.8181302543806993
RPA,C_340,24,0.8182255255391899
RJC,C_140,24,0.8182767737997381
NT345,C_101,24,0.8185474457839509
NTPH1,C_120,24,0.8185728611448315
NTPAD,C_120,24,0.8186695139818106
NL3,C_320,24,0.8187073852564689
R1K,C_120,24,0.8188002634563589
RTH,C_502,24,0.8188230908764665
G3Z1Q,C_110,24,0.8191717330263742
G3Q3Z,C_160,24,0.8195358838094883
RQM,X02,24,0.8195805502850148
RYR,X06,24,0.8200532093093588
RL4,C_502,24,0.8202399584052564
RWE,C_170,24,0.8203953276936369
RJN,X05,24,0.8206230424922861
RQW,C_110,24,0.8206259139803989
RR8,C_502,24,0.8207640403633282
RCF,C_130,24,0.8209602123040683
RVV,C_410,24,0.8211186272960956
RAS,X05,24,0.821430611829235
NT427,C_110,24,0.8215808435156435
NNE,X02,24,0.8216703273414809
DFQ,C_110,24,0.8218194398185283
NT421,C_110,24,0.8220976455503901
RTD,X02,24,0.822261159093431
RAL,C_340,24,0.8224174433843914
NVC06,C_100,24,0.822460427645498
NTE02,C_130,24,0.8224700629439242
RP5,C_140,24,0.8225272732341318
RDU,C_100,24,0.8226010740091181
RHQ,C_110,15,0.822683513012519
RTF,C_110,24,0.8234345769064798
RLQ,C_330,24,0.8234486146233825
RCF,C_301,24,0.8234900512928311
RWF,C_101,24,0.8236317594872128
NT408,C_110,24,0.8236536854893383
RM1,X05,24,0.8238204906539377
RXN,C_300,24,0.8240707092066417
RQW,X04,24,0.824543352849875
RXQ,C_110,24,0.8245765716338719
RTH,C_140,24,0.8246381036927397
RRK,C_410,24,0.8246864767541202
NTPH3,C_140,24,0.8248363121669531
RRV,X06,24,0.8248558136884232
NWF01,C_110,24,0.8249570837267095
RTX,X02,24,0.8252792204987772
RDE,X06,24,0.8254935877656365
RXL,C_160,24,0.8255162971139248
RA2,X06,24,0.825617465628734
RTK,X04,24,0.8257824351107383
RXR,X06,24,0.8260097321845651
RRV,X04,24,0.8260103376584301
RDE,C_340,24,0.8260105699295135
RTH,C_400,24,0.8260155534719736
RJE,C_170,24,0.8260315614962648
RH8,C_300,24,0.8261732906043391
RWP,C_300,24,0.8263485809783888
RAJ,C_301,24,0.8265492478229597
NVC29,C_160,24,0.8265696041349312
RXP,C_300,24,0.826663690677598
DXV,C_330,24,0.827148489334991
RJ2,C_400,24,0.8272945507857238
RL4,X04,24,0.8273847192049459
NVM,C_301,24,0.8274903960387184
RDE,C_330,24,0.8275486629567332
RR8,C_340,24,0.8275552404482253
RTG,X05,24,0.827568260206613
L6O7H,C_130,24,0.8276329747205313
RNN,C_120,24,0.8278349190549501
NT430,C_110,24,0.8279333196780535
RCF,C_502,24,0.8280013645110653
RKB,C_170,24,0.828036562954045
NT457,C_502,24,0.8281359265231598
RBT,C_330,24,0.8282351104164556
RJZ,C_110,24,0.8282355217733336
RNA,C_110,24,0.8283211043939309
NT427,C_502,24,0.8284905549153941
RX1,C_400,24,0.828561765396775
NN4,X06,17,0.8288949178652582
NT428,C_110,24,0.8289840591642996
RCB,C_410,24,0.8290354694075185
NVC0R,C_100,24,0.8291676312048457
R0F4N,C_160,24,0.8293843934250453
RXR,C_340,24,0.8295343751928959
RXC,C_140,24,0.8295975356005226
RAS,C_430,24,0.8297803202315626
NVC16,C_120,24,0.8300495320745959
RA7,C_340,24,0.8301334676513056
RVJ,C_150,24,0.8302369024330427
RHW,C_502,24,0.8302585928546682
RQX,C_320,24,0.8303950859015718
RNN,C_502,24,0.830484852679671
RJL,C_340,24,0.8305122965195254
R1A,C_110,24,0.8305629197291746
NT404,C_100,24,0.8306255307763939
RAJ,C_150,24,0.8306262656549155
RYR,C_130,24,0.8309956323106543
NTPH5,C_301,24,0.8310436920839814
RGR,X06,24,0.8310442146177348
RLT,C_130,24,0.8311090960241017
RNA,C_400,24,0.8311585166581188
RWD,C_330,24,0.8311877069756385
NTPH1,C_301,24,0.8311962510097702
RCD,C_410,24,0.8312266174837779
RGR,C_120,24,0.8312968249837215
RJC,X05,24,0.8315526956634964
RX1,C_100,24,0.8317788149395011
RGN,C_160,24,0.8318959720195108
RNN,X02,24,0.8319455990038914
NTP13,C_110,24,0.8321968346776227
RWG,C_100,24,0.8323539029944901
H1T2P,C_130,18,0.8325231672432046
RCX,X02,24,0.8326042539549614
RJ6,C_100,24,0.8326207196613328
NT219,C_110,24,0.8327453022280603
RJN,C_340,24,0.8328017308998122
V4U1Y,C_130,24,0.8329025073048918
RRV,C_410,24,0.8329310216543807
RW1,C_110,24,0.8329321617054305
RMP,C_301,24,0.8330393091247192
NTP11,C_140,24,0.8330591697716716
NVC0I,C_100,24,0.833094958853469
R0B,C_320,24,0.8331038645903566
NT402,C_130,24,0.8333879088006713
RLT,C_320,24,0.8335125379405757
RQM,X06,24,0.8335787352685408
RX1,C_410,24,0.833779019090952
RPA,C_400,24,0.8337798008376945
O6X7Z,C_130,14,0.8338306249583268
RAE,C_101,24,0.8339317423426542
RX1,C_340,24,0.8339454892775993
RJ6,C_120,24,0.8339942761424946
NT319,C_100,24,0.8341986470028051
RVJ,C_340,24,0.8342139769633283
RWJ,C_120,24,0.8342515583340738
RTX,C_101,24,0.8342927215899275
RH5,X06,24,0.8343190952735375
R1H,C_100,24,0.834322804390575
NT333,C_160,15,0.8343792913988091
RCB,X02,24,0.8346136931771656
RBL,C_410,24,0.8346719415352177
RD8,X06,24,0.8347205052888959
RXW,C_300,24,0.8347639965834999
R1D,C_120,24,0.8349518134469306
RET,X03,24,0.8350322174462809
NT410,C_301,24,0.8350488301732093
RYR,C_400,24,0.8350953563769034
RJ2,C_320,24,0.8351952117334147
RWW,C_100,24,0.8352208769353401
RK9,C_410,24,0.8355380229875742
NAM01,C_130,24,0.8357026431742819
RCB,C_301,24,0.8357224975549418
RJN,C_110,24,0.8357821461678764
NT441,C_150,24,0.8357998462739068
RNS,C_140,24,0.8359698580131436
RK9,X02,24,0.8359998794036775
RTH,X05,24,0.8361414235462337
NVC06,X02,24,0.8363924545015121
NT422,C_301,24,0.8365612302321674
NT206,C_110,24,0.8366914607224885
RWE,C_320,24,0.8369656513496218
RD1,C_430,24,0.837067654187184
H4I8B,C_120,24,0.837104286076676
R1H,C_340,24,0.8371690680872416
RNZ,X02,24,0.8372147634785626
RWD,C_301,24,0.8372359109210042
A1U4J,C_130,20,0.8372484804221152
RJR,C_160,24,0.8372916714971128
RK9,C_101,24,0.837317273402621
NT423,C_110,24,0.8373950456932061
RWW,X05,24,0.837445438093657
RXN,X02,24,0.8375942538187624
RK5,C_100,24,0.8376894896461806
RVR,C_301,24,0.8383190210117869
RRV,C_400,24,0.8383239568970671
RTR,C_400,24,0.8384667906752596
RAS,C_100,24,0.8385741622303193
RFS,C_140,24,0.8386278599006052
RK9,C_330,24,0.8390095441375052
RN7,C_430,24,0.8390228860553365
RAL,C_330,24,0.8391333072727376
RXP,C_340,24,0.839163405937692
RAX,C_330,24,0.8391932471294616
RTG,X04,24,0.8393185131488543
RVR,C_120,24,0.839360619550788
RF4,C_120,23,0.8393894894625676
NVC0Y,C_101,24,0.8395777341378657
RA9,C_410,24,0.8396592463745681
RVV,X05,24,0.840210237301897
RN7,X04,24,0.8402716087991984
RAS,X02,24,0.8403728979231173
NT447,C_101,24,0.8404079448489207
RTE,X02,24,0.8404539773530272
RFR,X04,24,0.8405037515152465
RH8,C_130,24,0.8405068554321129
RMP,X04,24,0.840608999405529
J2H6H,C_130,24,0.8407196735277985
RNS,C_340,24,0.8408141844336334
RTH,C_120,24,0.8408721661316674
RJL,C_400,14,0.8411175394499144
RGR,X03,20,0.841148785369719
RN5,C_300,24,0.8414097493881488
RJ6,C_110,24,0.8416614395847353
NT404,C_502,24,0.841667971728412
RDU,C_160,24,0.8417661882121411
NN8,C_100,24,0.8417694839638759
RX1,C_320,24,0.8418853409230733
RYJ,C_160,24,0.841989834968866
N6Z0R,C_130,24,0.8420876731748199
RN3,C_120,24,0.8422170245195113
RTX,C_301,24,0.8422390729400734
RQX,C_502,24,0.8423339530669595
RGR,C_301,24,0.8425382635144038
RGM,C_320,24,0.8426467874905853
NT327,C_100,24,0.8430517635806584
RJZ,X05,24,0.8432385842396211
RD1,C_130,24,0.8433421585214169
RN5,C_101,24,0.8435883918473048
RBN,C_130,24,0.8437320694887135
NN4,C_110,24,0.8437925223870462
R0D,C_120,24,0.8439151082139139
NT408,C_100,24,0.8441624368975078
RFR,C_101,24,0.8443575522824375
RXL,C_120,24,0.8443673635726171
RHW,C_301,24,0.8444476628704698
RTX,C_120,24,0.8446463530983526
REM,X06,24,0.8447042416592067
RM1,C_400,24,0.8448684715227344
NTE02,C_301,24,0.8449754067192992
RDU,C_140,24,0.8450917751003534
RAL,C_502,24,0.8451228731452664
RN7,C_320,24,0.8451754764558045
RM3,C_140,24,0.8452259908823544
RDR,C_410,22,0.8452894617568762
NT441,C_110,24,0.845430851846586
NT301,C_110,24,0.8454347783788588
RGP,C_101,24,0.8454697233328525
NT225,C_100,20,0.8455565311717677
RQX,C_160,24,0.845677633657061
NT431,C_100,24,0.8458332665547914
R0D,C_330,24,0.8460824193899185
RH8,C_320,24,0.8461942915745619
NTPH3,C_120,24,0.8462184082932371
RTD,X05,24,0.8463697606704531
RRK,C_100,24,0.8464398375382957
RBL,C_340,24,0.8466776353955212
M5E1S,C_130,24,0.8467441505968201
NT212,C_100,24,0.8469272593347602
RFR,C_330,24,0.8470138085000878
RM3,C_320,24,0.8471445223818689
NVC20,C_110,24,0.8473842535370679
RTK,C_301,24,0.8473991610123726
RQM,C_410,24,0.8477166957239739
REF,C_101,24,0.8477625566476064
RHM,C_101,24,0.8477769239975304
RRK,C_150,24,0.847857959725634
RAS,C_330,24,0.848104107946745
RF4,C_110,23,0.8483542520231186
RFF,C_502,24,0.848393800708106
RQW,C_400,24,0.8484824252727027
NT302,C_110,24,0.8486946038379899
NPG06,C_130,24,0.8487387866889383
RRK,C_130,24,0.8489318073793507
RHU,C_100,24,0.8490768217459693
RJL,C_100,24,0.8490888591728292
RWH,C_160,24,0.8492223385181167
RA7,C_130,24,0.8492982166293431
NVC22,C_301,24,0.8493081010353158
RQW,C_300,15,0.8493211466084839
RVR,X02,24,0.8495617954424922
RTP,C_301,24,0.8495880213182317
RAN,X04,24,0.8496291166658335
RWW,C_301,24,0.8500632357598813
RN3,C_430,24,0.8500935267595757
RTG,C_170,24,0.8503173358894536
RCF,X02,24,0.8503376814566372
RFF,X06,24,0.8503488211273522
RR8,C_320,24,0.8504867321941582
NT447,C_100,24,0.8505379335658841
RBL,C_110,24,0.8506469617317021
RWW,X06,24,0.8508466313251125
RF4,C_100,23,0.8508923805819989
NVC11,C_101,24,0.8509114080174324
R1H,X05,24,0.8509432893317802
RXQ,X05,24,0.8510416662649939
RRF,C_100,24,0.851072887154355
RJC,C_410,24,0.8510744166157672
NVC20,X02,24,0.8512756171113527
RWJ,C_502,24,0.8512790683134654
RTK,C_130,24,0.8515426863234306
RFR,C_110,24,0.8516201835466385
RWE,C_160,24,0.8517803088708183
NVC09,X06,13,0.8518485849857756
RBN,X05,24,0.851919719617111
RVJ,X05,24,0.8519547285601144
RDE,C_130,24,0.8520503921982668
RXK,C_160,24,0.8523109790281531
NVC08,C_100,24,0.8523241527739296
RAJ,C_120,24,0.8523936870626136
RFR,C_340,24,0.8524518292620699
RNS,C_410,24,0.85250880947211
RJL,X02,24,0.8526804216300448
RWA,C_340,24,0.8528022437355907
RBD,X06,19,0.852823345031653
RXP,C_502,24,0.8528346091858913
RWF,C_120,24,0.8528614247534064
RN3,C_130,24,0.8530687172885274
NVC16,C_100,24,0.8530818579245405
R0B,C_340,24,0.8533103565432821
RWP,C_301,24,0.8534554868854899
NTP16,C_301,24,0.8536303716830566
RAL,C_400,24,0.8536912462185592
NT209,C_301,20,0.8537136263826279
RRV,C_502,24,0.8537957996105834
RVJ,C_430,24,0.8538000855830898
R1F,X05,24,0.8538919891379558
RNS,C_300,24,0.8538972209791111
K8I4X,C_130,24,0.854061691242049
RHM,C_410,24,0.8541238234518373
ACG40,C_130,24,0.8541537155724623
RTH,C_320,24,0.8543558806412994
RWJ,X02,24,0.8543996340449546
RTK,C_430,24,0.8544579861141433
RMC,C_130,24,0.8547255683241797
NT436,X06,24,0.8548040834457301
RC9,C_140,24,0.8549814802106218
RNS,X02,24,0.855042667788599
RWG,C_140,24,0.8551290326144425
Y9S1N,C_101,12,0.8551640274232795
A0C5S,C_130,24,0.8554955775461628
RGT,X06,24,0.8555993701567582
RJ1,C_340,24,0.8556193549303064
RAE,C_100,24,0.8556985459623194
RJE,C_140,24,0.8557064712145949
RVV,C_320,24,0.855769770041986
RK9,X05,24,0.8557698103011016
RTP,C_410,24,0.8558137560881419
RBT,C_130,24,0.8558145272498584
RDR,X05,21,0.8558463755911858
RJR,C_120,24,0.8559432522618889
NVC07,C_502,24,0.8560003583072396
RAX,C_101,24,0.8563501724587153
RJC,C_110,24,0.8564192345399467
A1D1B,C_130,12,0.8565060600551082
RQW,C_502,24,0.8565136498091835
RH5,C_330,24,0.8567904115428879
RA9,C_340,24,0.8568233004874091
RBD,C_330,24,0.8570948066170736
RRK,C_301,24,0.8575227302148959
RRF,C_300,24,0.8577529975635158
RGN,C_110,24,0.8578439645770887
RCX,C_160,24,0.8580166375393223
RLQ,C_502,24,0.8581673820447974
RRK,C_502,24,0.8581746287024677
RCU,X04,24,0.85856705883398
NVC20,C_301,24,0.8586780917131468
B3M1X,C_502,24,0.8587138627824075
A4M8P,C_120,24,0.8587837494140462
RJZ,C_170,24,0.8588436572538157
R7W2O,C_130,24,0.8588744986161793
R1D,C_502,24,0.8589400914151843
RVV,C_340,24,0.8589947128671045
RM3,C_430,24,0.8590124287423702
RTP,C_110,24,0.8590879402280392
RTH,C_330,24,0.8591456869983249
NT424,C_301,24,0.8591578830417137
RRV,X03,24,0.8592092972394472
RCB,C_140,24,0.8593354604360224
RLT,C_300,24,0.8596030684002239
RBK,X04,24,0.8596420214013503
RAJ,C_340,24,0.8596515584274775
RHM,C_430,24,0.8598125492614647
RK9,C_340,24,0.8598965105874333
RX1,C_140,24,0.8599848130439846
RMC,C_301,24,0.860040354336344
NEY,C_110,24,0.8600764461889077
RXR,C_301,24,0.860265002787917
NWF01,C_101,24,0.860597992303946
RCX,X04,24,0.8608088407068174
RP5,X05,24,0.8608250080769879
RXL,X05,24,0.8608501956414178
RWJ,C_110,24,0.86097758349348
RMP,C_340,24,0.8610317494755579
RWA,C_110,24,0.8611943751982196
A4M8P,C_101,24,0.8613087430232422
REF,C_140,24,0.8613292986796405
RNQ,C_140,24,0.8614553682295205
RTF,C_430,24,0.8615625071863681
RGP,C_502,24,0.861577046300219
RBN,C_100,24,0.8616540584630862
RXK,C_301,24,0.8616614490631084
RXW,C_320,24,0.8619286872790782
RBK,X02,24,0.862019673455514
RXQ,C_101,24,0.8621252340062799
RVJ,C_320,24,0.8622105519901272
D3O0Z,C_130,24,0.8622606814801824
NVC11,C_301,24,0.8626812303665609
RNZ,X06,24,0.8627277731634234
RTH,X02,24,0.8628497274445887
RAE,C_110,24,0.863215882894694
NPG16,C_130,24,0.8633281818135035
AHP,C_330,24,0.8634390159478779
RGP,X05,24,0.8634398910092007
RAX,C_110,24,0.8634569236292455
K8I4X,X02,24,0.8635533599124029
NLG,C_120,17,0.8635638027791946
NVC08,C_160,24,0.8636309190763264
RNS,C_430,24,0.8638698771768174
S3H9L,C_110,19,0.8639312203130494
RGN,C_100,24,0.8639933714695172
NNE,C_301,24,0.8640274979867524
RHQ,C_330,15,0.8640770862195948
NPG20,C_130,24,0.8641671405081638
RBV,X02,24,0.8643075772426888
RGN,C_320,24,0.8643237353931712
RHM,C_301,24,0.8647129109943078
RAJ,C_170,16,0.8647218756044235
RWF,X05,24,0.8648323007559782
RWF,X02,24,0.8648419372969404
B5M7B,C_130,24,0.8649643798554227
R0A,C_110,24,0.8650091772465281
RJ2,C_502,24,0.865015720452153
NVC02,C_110,24,0.8650238998916143
NT420,C_100,24,0.8650565493893281
RF4,C_410,23,0.8652394801224415
RWW,C_320,24,0.8653087464579363
RTD,C_160,24,0.8653289206266421
RTD,C_320,24,0.8654023216257327
RQM,C_502,24,0.8655095781813968
NPG11,C_130,24,0.8656450288436416
RWE,C_340,24,0.8656510873920638
RGR,C_502,24,0.865670720985718
NVC18,C_301,24,0.8657330622686863
RHW,X06,24,0.8658569217468881
RQX,C_340,24,0.8658643615595681
RP5,C_410,24,0.8659657780513936
NVC0R,C_101,24,0.8659827050522368
RK5,C_140,24,0.8659947779529382
RN5,C_301,24,0.8661244927353725
NT420,C_301,24,0.866192051327902
RXN,C_140,24,0.8662951340370659
RKB,X02,24,0.8664235266372526
RBT,X05,24,0.866523900927618
RTG,C_120,24,0.8665891523595938
RF4,C_400,23,0.8666055637496399
NPG22,C_130,24,0.8667375964115038
RXQ,C_120,24,0.8667464302365749
RXP,X03,24,0.8667707899631928
NTE02,C_110,24,0.8669609963444579
RAX,X04,24,0.8671338708077032
RGP,C_320,24,0.8672400221009159
RL4,C_130,24,0.8673003380022558
RYJ,C_330,24,0.8673945581168215
RXN,C_150,24,0.8674407758423825
RR8,X05,24,0.8674792180429279
RA7,C_120,24,0.8675549377900569
RGT,C_120,24,0.8675743854832596
K8I4X,C_100,24,0.8675758248832639
NT212,X02,23,0.8675916457922282
NT348,C_100,24,0.8676298700973102
DTT,X05,17,0.8677281883038849
NT451,C_502,24,0.8678119928935336
REF,C_430,24,0.8678441757631444
RWD,C_410,24,0.8680036597365687
NVC13,C_120,24,0.8680569761405862
RVJ,C_502,24,0.8680902971266035
RWE,C_330,24,0.8682057647515377
RA2,X04,24,0.8683218131325187
NNE,C_130,24,0.8683448295613696
NTPH2,C_110,24,0.868367264678807
RA2,C_140,24,0.8684221720425883
RQX,X02,24,0.8685048625829155
RWD,C_130,24,0.8685524214856353
RXW,C_330,24,0.8685531251555254
RP5,X04,24,0.8686017686137434
RXQ,C_330,24,0.868656272760548
NVC28,C_110,24,0.8688587041795697
NT404,C_110,24,0.8689055546713915
RN3,C_160,24,0.8690537884611252
R0F4N,C_101,24,0.8690548115123335
RJE,X02,24,0.8690877121667518
RD1,C_502,24,0.8690969674771721
RF4,X04,23,0.8694883233531183
RMP,X02,24,0.8695474116857593
RNZ,C_502,24,0.8696070995830502
NT218,C_100,23,0.8696149380963255
RCD,X06,24,0.8698194993815415
NVC23,C_330,19,0.8698203145284813
RWD,C_300,24,0.8698643191757796
RYJ,C_340,24,0.8698989476288933
RGT,C_130,24,0.869993513532421
RD8,C_400,24,0.8703162098303777
NT451,C_100,24,0.8703630285554836
NT410,C_110,24,0.8705583614286845
R1H,C_160,24,0.870599095593731
NVC1H,C_101,24,0.870828305813823
RQW,X06,24,0.8708834106481101
RHM,C_330,24,0.8710304067113497
RQW,C_140,24,0.8712856643823363
RHU,C_301,24,0.871372603520452
NT312,X05,24,0.8714674672877031
RXF,C_330,24,0.8714685377880215
NNE,C_502,24,0.8714789381723398
RTG,C_330,24,0.8715626260989778
RLQ,C_160,24,0.8715902427330202
RPC,C_160,24,0.8715983533987123
NVM,C_502,24,0.8717116595904235
C5Y9L,C_130,15,0.8717253324495221
NT344,C_110,24,0.8717868189137021
RYR,C_430,24,0.8718335342625791
RWP,C_110,24,0.8718387919614705
RMP,C_330,24,0.871843666747119
RJ8,X02,24,0.8718826602048467
RMC,X05,24,0.8720804174783304
NVC44,C_100,24,0.8723006525757084
RHM,C_110,24,0.8723246526863642
RTX,C_330,24,0.8723430789092725
RJN,C_430,24,0.8724042754498502
RHU,C_160,24,0.8724136926517854
NXP,C_110,24,0.8724704776877419
RN3,C_140,24,0.8724743691441325
RM3,C_301,24,0.8725513027033773
NNE,C_330,24,0.8727058782375859
NT422,C_502,24,0.8727378332468659
RYJ,X04,24,0.8727412610744247
RJZ,C_502,24,0.8730547265663825
NTP11,C_120,24,0.8731903159345551
RL1,X02,24,0.8733353367087446
RJL,X06,24,0.8733615231164065
NVC1H,X02,24,0.8734115026615368
RMC,C_340,24,0.8734912603375978
RXC,C_101,24,0.8735174835377391
NT216,C_120,19,0.8735763161959067
NVC16,C_301,24,0.8737046064366422
RJ6,X02,24,0.8738636759434565
NEY,X04,18,0.8740073734751252
RA2,C_130,24,0.8740954344573535
RQM,C_120,24,0.8741551643024449
RVJ,C_110,24,0.8741763290732887
RA2,C_120,24,0.8742470235038069
RAN,X02,24,0.8744910576763415
RC9,C_330,24,0.8746965814484006
RNN,C_400,23,0.8747121696186001
NTX,C_150,20,0.8747753590175569
RXL,C_170,24,0.8747856608025955
R0A,C_130,24,0.8748088029115708
NTX,C_100,24,0.8750780845347312
NVC0R,C_330,24,0.8751060563633035
RWD,X02,24,0.8754674749003803
RXC,C_410,24,0.8755347621307732
RVW,C_502,24,0.8755500713781285
RTP,C_340,24,0.8755973605353556
H4I8B,C_100,24,0.8756678766750406
RA9,C_430,24,0.8757760444571381
RWF,C_400,24,0.8757912526474599
RA2,C_502,24,0.875821856987258
RJZ,C_100,24,0.8759401455402026
RWD,C_101,24,0.8762402126994332
RH5,C_320,24,0.87652874322892
RWE,C_150,24,0.8765815944758824
NT215,C_110,24,0.8767119088743727
RWD,C_140,24,0.8767799270423544
RXC,C_400,24,0.8767986166349356
RM1,X04,24,0.8770078391801583
RNA,C_140,24,0.8770232827747533
RKE,C_502,24,0.8771175049560582
NVC08,C_101,24,0.8771191717926209
NEY,C_150,23,0.8772806034889137
RXW,X04,24,0.8774547680264306
RRF,C_110,24,0.8776167455734124
RWP,C_330,24,0.8777041000767933
NN8,X02,24,0.8779499127027002
NVC18,C_120,24,0.8780317375850234
REM,C_130,24,0.8781361864889693
RNA,C_120,24,0.8781488762422089
RTD,C_330,24,0.8783894255213087
NVC22,C_160,24,0.8784054671278517
NT316,C_110,24,0.878557551043639
RXN,C_502,24,0.8786402763065708
RQM,C_130,24,0.878832438443659
RBD,X02,24,0.879020815992078
NVC27,C_130,24,0.8790716392150874
RDU,C_410,24,0.8790874797671863
RVW,X04,24,0.8792754396158499
RXW,C_301,24,0.8792906519495801
NVC11,C_110,24,0.8794298903745508
RAX,C_320,24,0.8800116354735943
RN5,C_400,24,0.880012406352121
R1K,C_320,24,0.8800172527245459
NT451,C_301,24,0.8800522360328763
RK5,X02,24,0.8800721786389397
NT427,C_100,24,0.8801408342718955
NWF01,C_130,24,0.8802545104631229
RAX,C_400,24,0.8804033372699307
NT225,C_110,20,0.8805529899416161
RP5,X02,24,0.8807882896219418
NVC1H,C_110,24,0.8808373737417148
RXK,C_110,24,0.8809623113621255
RXL,C_140,24,0.8810875672199543
RJR,X02,24,0.8812046909178112
RD1,C_320,24,0.8813380960268488
RF4,C_330,23,0.8813732189580018
RN5,X05,24,0.8813938320275044
NVC44,C_110,24,0.8814457962390861
RCX,C_110,24,0.8817278707904169
RRK,C_400,24,0.88177101729815
RWF,X04,24,0.8818561776869371
NT210,X06,14,0.8818614842186732
NVM,C_320,24,0.8819127688188616
RTR,C_101,24,0.8821168660385956
RKB,C_301,24,0.882144216962687
RXQ,C_320,24,0.8821573336148109
NT455,C_110,24,0.8823367151206843
RQ3,X06,24,0.8823721623854621
RWW,X04,24,0.8824020851321073
RJ7,C_150,24,0.8824635431272916
RQM,C_340,24,0.8825660622924701
RFF,X04,24,0.8826361249704157
NQT5K,C_110,20,0.8826382533080963
A4M8P,C_502,24,0.8826593563052411
RA9,C_110,24,0.8827653774986373
RYJ,C_320,24,0.8828461168423672
RJC,C_301,24,0.8828660433138366
RWG,C_110,24,0.8829135009896671
RNQ,C_101,24,0.8829673417680255
RFS,C_330,24,0.8831443027142074
RTR,C_320,24,0.8831495266187046
RJZ,X02,24,0.8831554642393329
RGP,C_120,24,0.8832046553589387
RGN,C_301,24,0.8832280181606377
NT434,C_301,24,0.8832333370692457
RNN,C_130,24,0.8833325074563085
NTPH5,C_130,24,0.883392174583791
RN3,C_330,24,0.8834213992410658
Y8L9S,C_130,24,0.8834230129303045
B4N1U,C_130,24,0.8834865377913715
NT428,C_301,24,0.8835102349549199
RWY,C_301,24,0.8835384619668978
R1D,C_340,24,0.883620728528933
RJ7,X06,24,0.8836676929925534
RTP,C_300,24,0.883724451560777
NT215,C_320,24,0.8837675886075835
NVC0I,C_130,24,0.8838148581043025
RCX,C_130,24,0.88389383821347
R1F,C_410,24,0.8840274541208408
NT245,C_110,24,0.8840546066576561
RH8,C_340,24,0.8841945521323625
NVC29,C_301,24,0.8842026316127745
NVC25,C_110,24,0.8843538469425055
RA7,C_170,24,0.884373428045778
RM1,C_410,24,0.8844889856628226
RTR,C_410,24,0.8845243208294025
RWE,C_101,24,0.8847170546972171
RWP,C_101,24,0.8847300408664786
NT418,C_502,24,0.8847337474922508
RBQ,C_340,24,0.8847641976224494
RA2,X05,24,0.8847650528838477
K9J3O,C_130,19,0.8849030230471199
RK9,C_320,24,0.8849931680513992
AY1,X05,15,0.8849971197363907
RC9,C_320,24,0.885072225687659
RP5,C_120,24,0.8850819695445162
RRV,C_110,24,0.8851675581934962
NT437,C_502,20,0.8852459617030561
RFR,C_410,24,0.8853610235834909
RJZ,C_150,24,0.8854754965649954
RXR,C_410,24,0.885622723807166
NNE,C_400,24,0.885643870401142
RCD,C_400,24,0.8858535900982972
RXL,C_101,24,0.8858722962114308
RYJ,X05,24,0.8858870293671968
NNE,X05,24,0.8860649379042473
NT403,C_110,24,0.8862192031587177
RNQ,C_502,24,0.8862251530045441
NRL,C_320,13,0.8863002892553783
RBD,C_110,24,0.8863191577752976
RAS,C_400,24,0.8864267532056089
RBL,C_100,24,0.8864365074631034
RKB,C_130,24,0.886470295159597
RYW,C_110,24,0.8865120595262842
RXR,C_140,24,0.8865964413523585
NT314,C_160,16,0.8866924905825739
RGT,C_140,24,0.8866968329430069
NN8,C_502,24,0.8867219435907053
NTPH5,C_110,24,0.8869358362043855
R1K,X04,24,0.8869419016070633
NTP15,C_301,24,0.8869753663717217
RTP,X05,24,0.8869785843532279
RWA,C_130,24,0.8870066880068375
NWF01,C_100,24,0.8871602578433294
RWE,C_502,24,0.8871704414786304
R1F,C_130,24,0.8874903214214181
RTK,X03,14,0.8877307459702123
RM3,C_502,24,0.8879252808427776
NT233,C_150,24,0.8879634139033928
RK5,C_410,24,0.8882822669142384
RAE,C_320,24,0.8883768329981208
REF,C_340,24,0.888703019508929
RQX,C_300,24,0.8887859304910781
RTD,C_170,24,0.8888699227339883
RQM,C_301,24,0.8889411261853477
NTP15,C_130,24,0.8889942091036278
RHM,C_400,24,0.8890156809849007
RQX,C_400,24,0.8890476987243335
RTG,C_320,24,0.8890827764231367
RGP,C_130,24,0.8891043172290695
RGN,X04,24,0.8892432626936152
RKE,X02,24,0.8892489837547178
RWE,X06,24,0.889290635812726
RWE,C_110,24,0.8894900469409456
RTK,C_410,24,0.8896949329122497
RRK,C_101,24,0.8897541538177469
RAX,C_340,24,0.8898956992435048
RLQ,C_101,24,0.8899054789863425
RD8,C_320,24,0.8900187090463935
RVW,C_410,24,0.8901035800242405
RGP,C_340,24,0.890379089381337
RWA,C_300,24,0.8906456281095801
RNQ,C_400,24,0.8907136183458025
NT313,C_110,24,0.8908389928001937
NT351,C_150,24,0.8909335612370065
RXN,C_120,24,0.8910768262216132
RDE,C_301,24,0.8911277711595547
RQM,C_330,24,0.8911736520091712
RJ2,C_340,24,0.8912660952066147
RLQ,C_340,24,0.8912864455255819
NT351,C_120,24,0.8914057371672978
RLQ,C_110,24,0.8914817161640123
K8I4X,C_110,24,0.8916060408611807
RHM,C_130,24,0.8917187593728201
RTP,C_502,24,0.8918401730658322
RN5,C_340,24,0.8919201540437421
RBD,C_301,24,0.8920149244361929
RH8,C_120,24,0.8920182444103809
RA9,C_330,24,0.892056736017343
NT241,C_502,24,0.8922413035344133
RKB,C_410,24,0.8922471818617891
RWG,C_120,24,0.8922510416389151
RAJ,C_330,24,0.8923595027265229
RN3,C_101,24,0.8925502802901345
RRV,C_340,24,0.892575454655508
NT436,C_110,24,0.8925814271426753
RXC,C_110,24,0.8926747225035204
RN3,C_410,24,0.8926915971310427
RL4,C_400,24,0.892750137089424
NT351,X05,24,0.8928184513527435
RGN,C_130,24,0.8929002993485149
R1H,C_330,24,0.8929795339238601
RQM,C_320,24,0.893279855897694
RTR,X02,24,0.8933406632617741
RRJ,X06,24,0.8933605871628207
RA7,C_320,24,0.8933618406489521
RBT,C_100,24,0.8936875372815491
NT345,C_110,24,0.8940547933853744
RA9,C_120,24,0.8941291226337
RTK,C_110,24,0.8941623609372772
RQX,C_110,24,0.8941921780708918
RXP,X04,24,0.8942614566001557
NVC12,C_101,24,0.894391318070167
RYR,C_101,24,0.8944090522612392
RA9,C_400,24,0.8944243826116143
NT412,C_100,24,0.8944329317854967
RWH,C_340,24,0.8946178426513108
RAL,X02,24,0.89464949334819
RC9,X04,24,0.8946725498626678
RKE,C_301,24,0.8946868341858318
RBQ,C_320,24,0.8947182550185805
NT422,C_130,24,0.8947663887573926
RGP,C_400,24,0.894783012539824
RVR,C_101,24,0.8951208151292721
C3Y0A,C_130,24,0.8951697131155901
RBD,C_140,24,0.8953430431515386
NVC06,C_300,24,0.8954035388036699
RA9,C_160,24,0.895503383994738
RJ2,C_101,24,0.8955587790585726
RRK,C_140,24,0.8956208859447052
NN5,C_301,24,0.8956479584323828
RWJ,X05,24,0.8958147036062742
RHQ,C_340,15,0.8959394487579032
NV1,C_120,24,0.8959667228608736
RM3,C_410,24,0.8960568787628038
RBK,C_410,24,0.8960743653777108
R1F,X06,24,0.8961909480287472
RJZ,C_340,24,0.896282677953028
R1F,C_430,24,0.8964058839598621
RH8,X04,24,0.8964267300512246
NTP16,C_100,24,0.8964672752719123
REP,X06,24,0.8965017817034429
RLT,C_502,24,0.8965420760996385
RWH,X06,24,0.8965623249575206
RJR,C_330,24,0.8967387834086075
RCF,C_410,24,0.8969319465059347
RCD,C_320,24,0.8969486412597748
NT351,C_320,24,0.8970462083538364
RBL,C_301,24,0.8970562876202908
RCD,X04,24,0.8971910972628308
RJ2,C_120,24,0.8972525476400222
RGP,C_301,24,0.8974792090039064
RF4,X02,23,0.897608440589987
RWH,C_101,24,0.8977361114009854
RA2,C_110,24,0.8979582830847704
RXK,C_502,24,0.8980847681137141
RQW,C_340,24,0.8980944944316958
RGP,C_100,24,0.898223079198048
RK5,C_330,24,0.8983778936772248
R0D,C_301,24,0.8984927018593578
NEY,C_100,24,0.8985381107523542
RAX,C_120,24,0.8987303209637079
RCF,C_120,24,0.8989274990912884
RQW,C_320,24,0.8989464308486882
NVC1H,C_502,24,0.8989938371975285
R1F,C_320,24,0.8990457544334561
REM,C_120,24,0.899065167512403
RAE,C_120,24,0.8991715949232306
RBL,C_130,24,0.8991848616348987
RTK,X02,24,0.8996055968293487
RBN,C_120,24,0.8996814334139789
NVC06,C_110,24,0.8999815508843699
RP5,C_130,24,0.8999830610450609
RLQ,C_301,24,0.9000011313933918
G3Z1Q,C_130,24,0.9000080571037962
NTP16,C_110,24,0.90001345772394
RK5,C_340,24,0.9002109771109277
RXK,C_330,24,0.9002878945866127
RX1,X05,24,0.9005842890250261
RNN,C_330,24,0.9008648308959996
RTX,X05,24,0.9009404683830333
RJ1,C_301,24,0.9010932374907099
RTX,C_140,24,0.9012043389924544
NTX,C_502,24,0.9012377890834073
NYG,C_330,24,0.9014314098732826
RWW,X02,24,0.9017366649399163
RWG,C_340,24,0.9017725121577032
RXQ,C_160,24,0.901803158272588
NPG21,C_130,24,0.9020383952322144
NVC11,C_100,24,0.90204234795724
RXN,C_130,24,0.9023154162362675
NT418,C_110,24,0.9023414410929805
RWP,X06,24,0.9023645946118729
RRF,C_120,24,0.9025007048190012
RJL,C_410,24,0.9025210977102698
RWH,C_110,24,0.9026475348572632
RH5,C_301,24,0.9026478931187996
RJ7,C_320,24,0.9026687663697188
RTE,X05,24,0.9027271330515588
NT449,C_110,24,0.9027436221225544
RLQ,C_400,24,0.9027765786792328
RCB,C_330,24,0.9028469149977177
RXQ,C_502,24,0.9029919766568827
RJR,X05,24,0.9031636121931672
NT225,C_160,17,0.9032765683294176
NTPH1,C_110,24,0.903299767714615
RJZ,C_120,24,0.9033299895465028
RYJ,C_150,24,0.9034608149512586
RA7,C_110,24,0.9035257105586539
RTR,X05,24,0.9035677848809182
R1F,C_301,24,0.9035850486844678
RNN,C_301,24,0.9036786428335591
RWH,C_410,24,0.9040235209991423
RNA,C_100,24,0.9040373628397286
RXC,C_340,24,0.9040837563137151
RDE,C_300,24,0.9041072674164693
NVC22,C_110,24,0.90415058897297
REF,C_100,24,0.9042879082956149
NVC23,C_110,24,0.9043827219717473
RGR,X02,24,0.9045653382272955
RWA,C_400,24,0.9047341421374165
RCX,C_340,24,0.9048991877899348
RHU,C_120,24,0.9050438732210976
RTD,C_300,24,0.9050978754645971
RKB,C_160,24,0.9052324030232919
RTF,C_410,24,0.9053417176474621
RM1,C_502,24,0.9053541340205202
NEY,C_120,24,0.9053682033979904
RM3,C_160,24,0.9053878613392009
NVC13,C_110,24,0.9054477351095563
NEY,C_400,24,0.9054592012077826
RD8,C_140,24,0.905469603455036
RJZ,C_300,24,0.9055678123056429
RLQ,C_120,24,0.9056078842515349
RX1,C_120,24,0.9057008952836691
RPC,C_130,24,0.9057124740978866
NVC22,C_100,24,0.9058201318457734
NVC09,C_101,24,0.9060255822766261
NT403,C_502,24,0.9061127351132405
RL4,C_320,24,0.9063053089897232
RW1,X05,24,0.9063681092434631
RK9,C_150,24,0.906605264829084
RKB,C_100,24,0.9066201202079752
RJ7,X05,24,0.9066878664293458
NT313,C_160,23,0.9066894375110187
RF4,C_140,23,0.9067453783997147
RK5,C_101,24,0.9068687456153038
RR8,C_100,24,0.9069098315420673
NVC11,C_130,24,0.9069462413505159
NT440,C_502,24,0.9069885254943177
RM3,X04,24,0.9070384969105135
RKE,C_101,24,0.9070907022537866
RHQ,C_301,15,0.9071512821081678
RXQ,C_340,24,0.9072136153403886
RH5,C_130,24,0.907247148035908
RCB,C_502,24,0.9073204573527828
NT422,C_110,24,0.9073536976509684
RGT,C_400,24,0.9074933488062873
RQX,X04,24,0.9076149308963777
RNQ,C_430,24,0.907635082880827
RJZ,C_400,24,0.9076720689264756
RNA,C_340,24,0.9076792122888293
RN3,X05,24,0.9077558495007985
RQW,C_301,24,0.9077661514636024
RN7,C_101,24,0.9079100327446592
NVC01,C_101,24,0.9079104957775551
NT314,X05,24,0.9079195795591745
RAE,X02,24,0.9079948977274682
NT351,C_101,24,0.9080859295997854
NT213,C_110,24,0.9080974879500258
R1F,X02,24,0.9081287043966868
NVC11,X06,13,0.9084484815731104
RK9,C_120,24,0.9085545294446469
RFF,C_110,24,0.9088533002496076
RA2,C_301,24,0.9088798780489246
RNS,C_160,24,0.9088863670694503
RM1,C_340,24,0.9089623652741334
RWE,X02,24,0.909020139803844
RLT,C_120,24,0.9092657172432466
RCF,C_110,24,0.9092830812000159
RYJ,C_110,24,0.9094219724792557
RD1,C_101,24,0.9096002738331724
RBS,X04,24,0.9098385347537815
NVC06,C_502,24,0.9098935768711307
RBN,C_330,24,0.9099339346089818
NVC07,C_101,24,0.909967214971732
RCX,X05,24,0.9103404620238884
Z2L9B,C_130,19,0.9104951940616796
NTP15,C_101,24,0.9105077578254425
RF4,C_502,23,0.9107238307495783
RET,X02,24,0.9107686188532993
NT351,C_110,24,0.9108070287088649
RTD,X06,24,0.9108431866285562
I9A4A,C_130,24,0.9109294642039371
NT344,C_100,24,0.9109537033685245
RAE,C_400,24,0.9110581817187154
RTF,X06,24,0.9111343870484564
R1H,X02,24,0.9111569659235528
RWJ,C_320,24,0.9112171969136765
R1H,C_150,24,0.9113019229903256
R1H,C_301,24,0.9113112963309052
RR7,C_340,24,0.911318005643504
RAE,X04,24,0.9114604556435287
RGR,C_101,24,0.9115250555278149
Z5J5V,C_130,24,0.9115348812638492
RD1,C_330,24,0.9116135214990166
RXW,C_502,24,0.9116420760629241
RWJ,C_130,24,0.9117235439458867
V5F1D,C_130,24,0.9118458981627557
RKE,C_140,24,0.9118679010460639
RFF,C_120,24,0.9119294982603018
S3H9L,C_301,19,0.9120069107240073
RWG,C_101,24,0.9120535292983905
RXR,X04,24,0.9121370102035758
NVC40,C_301,24,0.9121553016288527
RYW,X02,24,0.9121806468279534
RXL,C_502,24,0.9121950768514617
RBK,C_301,24,0.9122161803184187
NNE,C_110,24,0.9122282289460466
RDE,X05,24,0.9122849534317264
RTX,C_110,24,0.9123815445254692
NT304,C_110,24,0.9124694452852042
RRK,C_320,24,0.9126144624471548
RK5,C_502,24,0.9127337083222027
R0B,X02,24,0.9127480646812075
RM1,C_120,24,0.9127484730237362
RK9,C_502,24,0.9127858554725398
RNN,C_110,24,0.9128609489874676
RXN,C_400,24,0.9128775606805071
RCD,C_330,24,0.9128834131817907
RGT,C_320,24,0.912893846838427
RVJ,C_101,24,0.9129281875965077
RXP,C_410,24,0.9129542695194662
RN3,C_502,24,0.9129904376844173
NVC07,C_100,24,0.9130211595744089
RCB,C_130,24,0.9131841326408766
NTP15,C_120,24,0.9132840505953883
RBD,X04,24,0.9133071754984554
NVM,C_410,24,0.9133593163586656
NVC06,C_130,24,0.9133748029722069
RXP,C_130,24,0.9134117176338251
RJL,X04,24,0.9135055935676835
RXC,C_130,24,0.9135149354128623
ACG20,C_130,24,0.9135692657093308
RDU,X06,24,0.913569862661091
RWG,C_400,24,0.9136204520501869
NT244,C_110,12,0.9138898713419206
RJ7,C_340,24,0.9138964771737813
NVC0I,C_110,24,0.9139482144160146
RFS,C_130,24,0.9142235960423613
RTF,C_140,24,0.9142575536412489
RWP,C_502,24,0.9143295105415286
RJC,C_120,24,0.9143796031708644
NWF01,C_502,15,0.9144778847728866
NVC16,X02,24,0.9148244774789608
RVR,X06,24,0.9148737419197503
NVC31,C_101,24,0.9151305939042481
RDE,C_101,24,0.9153061904576919
RVV,C_330,24,0.9154015053063169
RTP,X04,24,0.9154289424845211
RM1,C_301,24,0.9155933922550912
NT422,C_100,24,0.9156183900110272
V8N5R,C_130,24,0.9157457717778367
RJE,C_301,24,0.9157972308293716
RXF,X04,24,0.9160779665865377
RKB,C_120,24,0.9161763887191873
RQX,C_140,24,0.9162105371961338
RJ1,C_502,24,0.9164941080062304
RWW,C_340,24,0.9166040296973902
R0B,C_110,24,0.9166853996984595
B9M3W,C_130,24,0.9168042038078356
C9A7J,C_130,17,0.9168348659932203
NT433,C_110,24,0.9168436512865699
RAL,C_110,24,0.9168491151488066
L0D9W,C_130,24,0.9169709765690679
RJC,C_160,24,0.9170373098980793
RGT,C_160,24,0.917039700386673
RQW,C_101,24,0.9171386036732444
NT212,C_502,21,0.9172337564524586
RAX,C_140,24,0.9172794974729409
G3Z1Q,C_100,24,0.9172877731892166
AY1,C_301,24,0.9172990030854279
RAJ,C_320,24,0.9174567212809717
RAJ,C_110,24,0.9179117814167013
RXN,C_330,24,0.9179297751749995
ACG13,C_130,24,0.9179533897172009
RAE,C_160,24,0.917954672960655
RCD,C_120,24,0.9180020017733812
R1K,C_100,24,0.9182074215804366
RHQ,C_140,15,0.9184818512607883
RWA,C_320,24,0.9186271053931637
RTP,C_400,24,0.9186824279916569
RXR,C_130,24,0.9186859433317386
RGN,X02,24,0.9188415033598938
RR7,C_101,24,0.9188490247051785
RJ7,C_170,24,0.9188599184789986
RXG,X06,24,0.9189719421684378
RVR,X04,24,0.9189726217225667
RTF,C_160,24,0.9189843033098062
RGT,C_150,24,0.9190012665277952
RKB,C_140,24,0.9190436321655786
RAS,C_340,24,0.9191733655582967
RXF,X02,24,0.919522205254358
RRV,X05,24,0.9195556425398268
RMC,C_320,24,0.9195560102892398
RXP,C_100,24,0.9195839156033733
A4M8P,C_110,24,0.9196373456382951
RRK,X06,24,0.9197153584263528
RXK,X04,24,0.9197826890263064
RHU,C_101,24,0.9197938193349678
RVV,C_502,24,0.9199614131112157
NT235,C_110,24,0.9199676124183623
RJL,C_502,24,0.9200384048280341
RTR,C_130,24,0.9201086274250695
RCB,X05,24,0.9202111398828079
RL4,C_160,24,0.9203341276198179
RH8,X02,24,0.9203943731844826
RYJ,C_301,24,0.920424669176171
RTP,C_320,24,0.9205214804077837
RWE,X05,24,0.92055777615815
RA7,C_400,24,0.9205715481353992
NT204,C_110,19,0.9206378099599279
RC9,C_410,24,0.9207231233487503
RQX,C_101,24,0.9207638969665555
RBK,X05,24,0.9207761203725591
RH8,C_100,24,0.9209151463709444
RRF,C_340,24,0.9209283344259163
RCF,C_101,24,0.9209397678672063
RQM,X05,24,0.920942673763366
RGT,C_110,24,0.9211586351176173
NVC07,C_110,24,0.9211811455844774
RVJ,C_330,24,0.9212217478269157
RWA,C_301,24,0.9214048161193023
RM1,C_110,24,0.9214176163780413
RWY,C_400,24,0.921418402077889
RWE,C_130,24,0.9214285966287028
RBQ,C_170,24,0.9216004521623389
RWY,C_120,24,0.9216177219583653
RRV,C_301,24,0.9216860083498338
RN5,C_330,24,0.9216880429407678
R0A,C_140,24,0.9217425474798544
RRK,C_160,24,0.921830346401635
RGP,C_330,24,0.9218774281528178
R0B,C_502,24,0.9219653870305685
RHM,C_140,24,0.9220159613107024
NTP11,C_110,24,0.9220646387392392
RWA,C_120,24,0.9220797473778313
RC9,C_120,24,0.9220847878521783
RWY,X04,24,0.9225869652634425
NT301,C_100,24,0.9227136047985337
RNA,C_502,24,0.922718877117303
R0A,X04,24,0.9227278423454961
RK5,C_320,24,0.9227703377740036
RTP,X06,24,0.9227838292557158
RTG,C_140,24,0.9228191398298748
Y9S1N,C_120,12,0.92285130291257
RJ7,C_400,24,0.9229903133891243
RBK,C_100,24,0.9230595853229696
NT422,X06,24,0.9230902874447826
R0A,C_320,24,0.9232527109909116
RRK,X05,24,0.9232606410972692
RTR,C_301,24,0.9232743777218092
RC9,C_300,24,0.9233712607515948
RXR,C_100,24,0.9234294867528896
RBN,C_502,24,0.9234941658834307
RC9,X02,24,0.9235675375170014
NT213,C_100,24,0.9237958909606628
REF,C_400,24,0.9238378615316422
RVR,X05,24,0.9240243571446178
RMP,C_502,24,0.9242895658501838
RFF,C_301,24,0.9243701929665556
RJ1,C_100,24,0.9245023631720941
RJC,C_330,24,0.9245190828260956
RBN,C_410,24,0.9245472514123525
RLT,X06,24,0.9245630981287691
RNN,C_320,24,0.9248286960885966
RXF,C_340,24,0.924831799343147
RWW,C_101,24,0.9248722202102388
J3X4C,C_130,24,0.924996973589929
RAL,C_101,24,0.9250274170108602
H4J9P,C_130,24,0.9251655065079201
RAX,X02,24,0.9253820705965339
RVV,C_101,24,0.9254489203016125
NVM,C_160,24,0.9256000766427143
RP4,X02,24,0.9257759285107638
RCB,C_101,24,0.9259205209048634
RD1,C_100,24,0.9261615855516022
NT451,C_101,24,0.9262718361729801
RYR,C_320,24,0.926314898637954
RWH,C_320,24,0.9263628427696879
RQX,X06,24,0.9265889643074834
NVC02,C_301,14,0.926602363563745
ACG38,C_130,24,0.9266639067787368
NT320,C_110,24,0.9268887802798159
RWH,C_140,24,0.92696250220407
RVW,C_100,24,0.9270083366011068
RPA,C_101,24,0.9271153145004349
RTG,X02,24,0.9271644227108968
RN3,C_100,24,0.9273593061785727
RJR,C_110,24,0.9273816024760729
RK5,C_160,24,0.9274026521300713
RMP,C_120,24,0.9274044135706975
RYJ,C_410,24,0.9274669379264926
RHM,C_170,24,0.927484446222113
RKB,C_101,24,0.9275235781299734
RYR,C_340,24,0.9275284234858227
RJ1,C_430,24,0.9275960583863552
RR7,C_430,24,0.9277318563076743
RDE,C_120,24,0.9277789260849854
ACG12,C_130,24,0.9277809059847308
RL4,X02,24,0.9278651845674808
RRF,C_330,24,0.9279313988944254
RTD,X04,24,0.9281259875425205
RBN,X04,24,0.9282645690593052
R1K,C_340,24,0.9282813184946487
RJE,C_150,24,0.9283381444639371
RCD,C_340,24,0.9283846544819581
RTD,C_340,24,0.9284483089896826
RN7,C_301,24,0.9284700484442724
RCD,C_301,24,0.9286680877097299
RK9,C_130,24,0.9287076439897946
NT337,C_110,24,0.9289009851183823
RRV,C_330,24,0.9289693590580301
RM1,C_100,24,0.9290208156400399
R0A,C_330,24,0.9290459746718933
RQM,C_430,24,0.9292563234383008
RCX,C_320,24,0.9292925509182672
NVC14,C_110,24,0.9294431060730078
G6S7A,C_130,20,0.929573649690655
RTD,C_101,24,0.9295755986139168
RWG,C_301,24,0.9296019548983078
RMP,C_100,24,0.9296659391457424
RHQ,C_502,15,0.9298990264015096
RHU,X02,24,0.9299183616347165
NTP11,C_130,24,0.930190982972979
RTP,X02,24,0.930215819672244
RJ2,X02,24,0.9302518522930819
RBN,C_301,24,0.9303986503869649
RJZ,C_130,24,0.9304084582911389
RK9,C_160,24,0.9304173159683187
RWD,C_120,24,0.930502248344684
RGR,C_320,24,0.9305175390378588
RH8,C_330,24,0.9305714433843734
RXQ,C_130,24,0.9306955891772486
RMC,X02,24,0.930755570774619
RET,X05,24,0.9308614223119388
RN7,C_400,24,0.9311272565247347
RN3,C_340,24,0.9311542250475066
NT337,C_120,24,0.9312864226637402
RR8,C_101,24,0.9312961934463678
RXP,C_140,24,0.9313354365234563
RM1,C_140,24,0.9313393031749881
RAL,C_160,24,0.9313923232452767
RMP,C_140,24,0.9315831039201868
RVV,C_120,24,0.9316093674877934
R0A,C_120,24,0.9316413986090303
NTPH1,C_130,24,0.9317307759211682
NVM,C_330,24,0.9317402766580367
RP5,C_502,24,0.9317491319068106
NTP15,C_502,24,0.9317845403796526
RXW,C_110,24,0.9318363865956685
Y9S1N,C_110,12,0.9318890730916444
NT404,C_120,24,0.9319399941281769
RXQ,X02,24,0.9320349566161341
RD8,C_502,24,0.932061747015605
RFR,X02,24,0.9320627598106985
RJE,C_400,24,0.9322141253493249
RTD,C_140,24,0.9322330437665665
RKE,C_340,24,0.932259755338539
R1H,C_140,24,0.9322707441414526
RNN,C_101,24,0.9322915035326755
RXC,X02,24,0.9323229881904327
NT364,C_150,12,0.9323919984157296
RTP,C_130,24,0.932545104078605
RNZ,C_120,24,0.9328367064196758
RFF,C_320,24,0.9331316144435853
RLT,C_110,24,0.9332247172110913
RWP,C_100,24,0.9333228708036947
RGN,X05,24,0.9333678780070351
REF,C_320,24,0.9335987350938416
RBD,C_120,24,0.9336093073706624
RTH,X06,24,0.9336680651025134
RXW,C_340,24,0.9338046423768909
RNN,C_140,24,0.9338335230241703
R0D,C_320,24,0.9338562981579077
RH8,C_301,24,0.9338653970709841
RJN,C_130,24,0.933875545012031
RH8,C_502,24,0.9338867602434892
RYJ,C_130,24,0.9339795426651705
RFR,C_320,24,0.9341610932888744
NT420,C_110,24,0.934482974648781
RXW,X05,24,0.9344857592878646
NT434,C_110,24,0.934654607045053
RH5,C_140,24,0.9346998131753428
RWY,C_410,24,0.9347052712821543
RRK,C_330,24,0.9347531352573973
RJ1,C_101,24,0.9348720929317517
RJZ,C_301,24,0.9350782154061216
NT229,C_100,15,0.9350839643913069
R0A,C_410,24,0.9352472683791758
RTK,C_320,24,0.9352507341266001
RAS,C_502,24,0.935389570376611
RC9,X06,24,0.9356338056966637
RJ2,C_100,24,0.9356762692023515
RFS,C_120,24,0.9357297575079924
RDU,C_120,24,0.9357491950778687
RCD,X02,24,0.9359805930540598
RNQ,C_120,24,0.9360660127162421
R1H,C_502,24,0.9361037451915277
RJC,C_100,24,0.9363554957744237
RMC,C_100,24,0.9365403446298786
NVC13,C_100,24,0.9365704951032355
RWG,X06,24,0.9365942988686866
RRK,C_300,24,0.9366149908579795
NT225,C_502,14,0.9366265039406716
RA9,C_320,24,0.9366856305395603
RKE,C_410,24,0.9367243829247912
RWH,C_170,24,0.936810470393912
RWD,C_110,24,0.93698621505685
RMC,C_120,24,0.9374112156333323
NT314,C_502,16,0.9374243261693536
J7V1N,C_130,24,0.9375028673538677
RXC,X05,24,0.9377177552351397
RQM,C_101,24,0.9377812118557315
NT351,C_330,24,0.9379426101891346
RTG,C_101,24,0.9379760949199982
RXF,C_110,24,0.9380382781941806
NT401,C_110,24,0.938108716125623
RMC,C_502,24,0.9381677805640913
RJ7,C_410,24,0.9383040344787601
RXR,C_110,24,0.9383821342825263
RJ2,C_300,24,0.9384119613383366
RMP,X05,24,0.9384944411275935
RAE,X05,24,0.9385085154529447
RHU,C_330,24,0.9386498808764604
RDE,C_140,24,0.9387643659544286
RR8,C_400,24,0.9391793929695642
RQX,C_330,24,0.9393357320248995
RBT,C_300,24,0.939617573198942
RJR,C_320,24,0.9399064171406349
RJ2,X04,24,0.9399392326244883
RBT,C_120,24,0.9401839499368924
RXW,X02,24,0.9402975676559384
RGN,C_410,24,0.940527019445152
RD1,C_301,24,0.9407425596030141
RYW,X05,24,0.9409566768267057
RL1,C_400,24,0.9410447177493408
RFF,C_340,24,0.9410716033556105
RXK,C_130,24,0.9415643128903042
R0A,C_430,24,0.941629772401765
NNE,C_120,24,0.9418476767050936
RD8,C_340,24,0.9419806112635449
RH5,C_502,24,0.9420545469433779
RWJ,C_101,24,0.9420716809905463
RKE,C_330,24,0.9420856942774021
RBT,C_410,24,0.9421841352672445
RXF,C_100,24,0.9423547242970967
RR7,C_410,24,0.9424970599148784
RBK,C_140,24,0.9425415335312497
RJ1,C_140,24,0.9426323619079985
RXR,X05,24,0.9427884185266753
RC9,C_301,24,0.942801633538893
RDU,C_301,24,0.9428059241885179
RQW,C_130,24,0.9428289369770441
RNQ,C_100,24,0.9432624377038822
S3H9L,X05,14,0.9432815860183696
RNA,C_301,24,0.9432995215019709
RWF,C_410,24,0.9433754792060806
RF4,C_301,23,0.9434632941188109
RXW,C_120,24,0.9435651329866034
RNQ,C_340,24,0.943749790857281
RA9,C_130,24,0.9437852392745872
RNS,C_100,24,0.9438420235323781
RAS,C_410,24,0.9438508798534194
NTP15,C_110,24,0.9440236924479716
NVC08,C_502,24,0.9440590717974616
RYR,C_140,24,0.944103923638606
F9Z4V,C_100,24,0.9441344578830309
RVV,C_130,24,0.944186247727593
RBN,C_140,24,0.9443697285463275
RWJ,C_301,24,0.9444545957839915
G3O5P,C_130,24,0.9446386257686054
RJ7,C_502,24,0.9446410346028732
RRE,C_410,24,0.9446504145706996
RWJ,C_100,24,0.9446645950329471
RFS,C_340,24,0.9448550399669308
RPA,C_320,24,0.944993170146051
RJ1,C_410,24,0.9450700698821096
RXN,C_101,24,0.9453794293582048
F1Y1H,C_130,16,0.9454049689150075
RTG,C_410,24,0.9455688221243193
RGT,C_301,24,0.9456069418381531
RWY,C_101,24,0.9456435617372153
RGN,C_430,24,0.9458623147223498
NT238,C_110,24,0.9461285977973943
RVR,C_100,24,0.9461424106197275
RH5,C_340,24,0.9462004681085184
S3H9L,C_340,15,0.9462080533996865
RWD,C_340,24,0.9462150567452244
NN8,C_110,24,0.9462310746947351
RCF,C_400,24,0.9462506079873158
RGP,C_160,24,0.9464513625199995
ACG19,C_130,24,0.9466619929338387
R0A,C_160,24,0.9466671131676105
RJL,C_101,24,0.9467359698944081
RM1,X02,24,0.9467571161449461
AQK,X05,15,0.9469550019953823
RF4,C_150,23,0.947008442148634
NVC12,C_100,24,0.9470241682293825
RBN,C_160,24,0.9471912089940334
RBN,C_320,24,0.9472267839195437
R1H,C_130,24,0.9472948485236641
S3H9L,X02,13,0.9475728720546911
RR8,C_160,24,0.9476078025326572
RJ6,C_410,24,0.9477632628959965
RTX,C_320,24,0.9478127054195511
RWJ,C_140,24,0.9478844578054922
RWH,C_130,24,0.9479022990075918
RNZ,C_160,24,0.9479068714587849
RM1,C_160,24,0.9482282138405649
RWY,X05,24,0.9482740866380878
R1K,C_101,24,0.9484664937208475
RD8,C_301,24,0.9485371648597144
RNA,C_330,24,0.9485526200425479
RXW,C_100,24,0.948670736551832
RPA,C_100,24,0.948747369533485
RNS,C_130,24,0.9487827091512049
RWG,C_410,24,0.9488691380915103
RN3,X04,24,0.9488701976359237
RWW,C_502,24,0.948881050190453
RMC,X04,24,0.9488895955598768
RBD,C_502,24,0.9488992169912515
RD8,C_101,24,0.9489462657512882
RTE,C_130,24,0.9489903474952827
ACG39,C_130,22,0.9490415712588699
NVC06,C_301,24,0.949082819175611
RXK,X06,24,0.9491492652920004
RGR,C_330,24,0.9491854531018344
RJC,C_340,24,0.9492372247791752
RK5,X04,24,0.949248473825022
NT422,C_101,24,0.9492862887709604
RA9,X05,24,0.9493143336323532
RCF,X04,24,0.9495418038460058
RDU,X02,24,0.9495690218397894
RJR,C_130,24,0.9496755486726336
RJ1,C_130,24,0.9497957911050563
RQW,C_100,24,0.9497997956839642
NVC31,X02,15,0.9499567544001449
RBT,C_320,24,0.9500440853463831
NTP11,C_101,24,0.9501184563941399
RJR,C_410,24,0.9501423489476177
RYR,C_110,24,0.9501554886775417
RKB,C_330,24,0.9504373928877865
RJE,C_100,24,0.9504636003456578
RJ1,C_160,24,0.950506416609401
NTP11,C_502,24,0.9505086818634114
RP5,C_100,24,0.9505432813592872
RHM,X02,24,0.9505501011898398
RTF,C_300,24,0.9505759164161831
RAS,C_110,24,0.9506014205154398
RC9,C_400,24,0.9506022098925543
RF4,C_101,23,0.9507007094799376
RNQ,X02,24,0.9508761714706137
R0A,C_340,24,0.9509805035810728
RBK,C_130,24,0.9509875850565522
RNA,X06,24,0.9510428939949892
RNZ,C_130,24,0.951066851833034
RK9,C_110,24,0.951264948036418
RRK,C_120,24,0.9513952929355441
RXW,C_130,24,0.9514180692107801
RD1,X04,24,0.9515116380163923
RNZ,C_410,24,0.9515268717342953
RNS,C_120,24,0.951663988959173
R0B,X04,24,0.9516978022973441
RWF,C_502,24,0.9518364392868445
RCX,C_120,24,0.9518411893938513
RMC,C_140,24,0.9519299101843463
RP5,C_330,24,0.9520232271200584
NVC12,C_110,24,0.9520299105830506
RBL,C_502,24,0.9520842760017575
RCF,C_160,24,0.9523711607000878
RKE,C_110,24,0.952387281164488
RPA,C_120,24,0.9525497935950871
R1K,X02,24,0.952601868541248
S3H9L,C_320,17,0.9526591289621285
ACG22,C_130,24,0.9528182366803583
RK9,C_170,24,0.9528917743212211
RYJ,C_100,24,0.9529494906897009
RK5,C_130,24,0.9529577512478841
R0D,C_101,24,0.9530336350346041
RRV,C_120,24,0.9531872435247775
RJ2,C_330,24,0.9533217633558373
RMC,C_400,24,0.9533296405115114
RAE,C_340,24,0.9533503573646731
RX1,C_430,24,0.9537849300455611
RXK,C_101,24,0.9538538653226243
RP5,C_320,24,0.9539021320196931
RGR,C_110,24,0.9539386427851758
RGT,C_101,24,0.954122298976341
RTR,C_110,24,0.9542714953775936
RJ1,C_300,24,0.9547605354645489
NT230,C_130,14,0.9548164748147814
RXK,X05,24,0.9550029889990256
RTD,C_502,24,0.9550974730076103
RNS,C_301,24,0.9551199733241968
NVC40,C_101,24,0.9553185458660161
L4R3R,C_130,24,0.9553746598891487
RXF,C_400,24,0.9554156275183607
RGR,C_340,24,0.9556399731145968
NT450,C_301,13,0.9557992015129432
RL4,C_410,24,0.9558210057177126
RCD,C_502,24,0.9558345082671467
RFF,X02,24,0.9558998880866685
RTE,C_120,24,0.9561078813529256
RYR,X04,24,0.9561374991477042
RBD,C_100,24,0.956145674153232
RNZ,C_100,24,0.9562064313756642
RJ7,C_140,24,0.9563717805880817
RNS,C_330,24,0.9563819606256219
RNQ,C_410,24,0.9564484416312342
RJ7,X02,24,0.9564486217327011
RA2,C_101,24,0.9565612375291482
RN3,C_301,24,0.9568254022815208
RJE,C_502,24,0.9569531386607353
RQW,C_330,24,0.9570502199822536
RNS,C_110,24,0.9570646176917488
RD8,X02,24,0.9570874958893308
RJZ,C_101,24,0.9571191733146523
R0A,X02,24,0.9572530049792819
NTP15,C_100,24,0.9573443763460002
RGT,C_330,24,0.9573742154367704
RAE,C_502,24,0.9573904127480838
R0A,C_502,24,0.9573932307453854
RTD,C_301,24,0.9574014474610515
RWF,C_340,24,0.9575935798236164
RVV,C_110,24,0.9576991450916638
RDU,C_101,24,0.9578316726914682
RD1,C_410,24,0.957918549527506
RJL,C_120,24,0.9579589469352445
NVC07,C_400,14,0.9580251420258671
NT215,C_100,15,0.9582985562205226
RH8,C_101,24,0.9586338523817522
RNZ,X05,24,0.958706424800115
RWP,C_410,24,0.9588321846093449
RR7,C_100,24,0.9588567691863115
NVC16,C_110,24,0.9589056007107284
RA2,C_320,24,0.958963484629575
RTG,C_301,24,0.9592648829592885
RA9,X04,24,0.9595452490982039
RHQ,C_150,15,0.9597837609014023
RJR,C_100,24,0.9600988260131912
R0B,C_430,24,0.9602576049568472
RJZ,C_430,24,0.9605553416606533
RA7,C_330,24,0.9606619271107948
RBT,C_301,24,0.9608817362694106
RTK,C_300,24,0.9609088899052569
NT430,C_130,24,0.9609752101685702
RBD,C_130,24,0.961135963876076
G4H0I,C_130,17,0.9611954476418099
S3H9L,C_101,19,0.9612521968234614
RWW,C_130,24,0.9612728961077711
RWH,C_100,24,0.9612937867727293
RJC,X02,24,0.9613950467453491
RBK,C_330,24,0.9614068901913214
RFS,X05,24,0.9614114827535628
RFR,C_120,24,0.9617059865279137
RA9,C_502,24,0.9617459493732515
RN7,C_110,24,0.96186064377671
REF,X02,24,0.9618627027145538
RTD,C_430,24,0.9622025318169056
RYJ,C_502,24,0.962231660568097
RA7,X02,24,0.9622676612951054
RET,C_150,24,0.9623032039870864
RVR,C_400,24,0.9625008882517894
RJ7,C_330,24,0.9625984978976584
R0D,C_400,24,0.9626085085753692
RN7,C_100,24,0.9626578158495142
RRK,X02,24,0.9628364537725552
RRF,C_502,24,0.9630869434555415
RVR,C_140,24,0.9633214713645598
RFF,C_130,24,0.9635087787680887
R1F,C_340,24,0.9638021697307569
RMC,C_110,24,0.9638050847904854
RJR,C_301,24,0.9638120367599633
RPA,C_300,24,0.9639438448801301
RD1,C_140,24,0.9641393728008394
RR8,C_410,24,0.9641736208994973
RCF,C_100,24,0.9642802367179577
RA9,C_140,24,0.9644463800790173
RN3,C_320,24,0.9644503933478816
NVC20,C_400,24,0.9645196950276697
RXP,C_330,24,0.9645458808517684
RC9,C_130,24,0.9648527760846343
RJ6,C_140,24,0.9649031537561454
RL4,C_340,24,0.9649787852583153
RJ1,C_110,24,0.9650508779289613
RTD,C_130,24,0.9651518787863453
RJ1,X05,24,0.9653025533244353
RTH,C_160,24,0.9653106434274485
RQX,C_301,24,0.965327725336875
RR8,C_301,24,0.965529198484642
RTD,C_410,24,0.9657017120327742
RGN,C_101,24,0.9657760203471983
RJC,C_320,24,0.9658742360366372
RA2,C_100,24,0.9658940110104742
RYR,C_120,24,0.9661070818281347
NVC20,C_130,24,0.9663348240828763
RC9,X05,24,0.9664448427305563
RGP,C_110,24,0.9664691797485113
R0B,X05,24,0.9666926063089385
RTX,C_410,24,0.9667066309415787
RXW,C_140,24,0.9667257665440679
RRK,X04,24,0.9668140746561372
RCX,C_301,24,0.9670103547199539
RLQ,C_320,24,0.9672463798478982
RYJ,C_400,24,0.9673566128597209
RM3,C_340,24,0.9673795630420575
RTG,C_100,24,0.9675511617459954
RTD,C_120,24,0.9675577006072273
R0A,X06,24,0.96772506965491
RXP,C_120,24,0.9678793624871892
RXR,C_502,24,0.9679111654731585
RDU,C_130,24,0.9679616114993973
RXR,C_101,24,0.9680804564626221
RWH,C_301,24,0.9681652529522495
Q2Y5H,X02,12,0.9682686438147746
RXC,C_301,24,0.9682955049715125
RWD,C_320,24,0.9683463032928996
RLT,C_160,24,0.968371897438862
R0A,C_101,24,0.9684687095889939
RYJ,X02,24,0.9684990739427346
RLQ,C_130,24,0.9685527523455968
RGN,C_400,24,0.9689668376807495
RDU,C_502,24,0.9690005415913696
R1K,C_110,24,0.9690614380352325
R1K,X05,24,0.9693557386789146
RK5,C_120,24,0.9693743211199471
R0D,C_130,24,0.969377738185146
RAL,C_430,24,0.9694655181596937
RXQ,C_410,24,0.9694800174743909
RXC,C_120,24,0.9695906865639896
RWA,C_502,24,0.9696436418190408
RGM,C_340,24,0.9701647227402382
RCD,C_101,24,0.9702165498372404
RMC,C_101,24,0.9702633472638394
RWP,C_400,24,0.9703114876465257
RA2,C_340,24,0.9705105054280759
RTH,C_101,24,0.9705453590601654
RNA,X02,24,0.9706306798818737
RWA,C_140,24,0.9711046245737999
RC9,C_100,24,0.9711164791164615
RNA,C_410,24,0.9711370138199193
RWE,C_400,24,0.9712050008495137
RFF,C_101,24,0.9712397121551967
NT339,C_120,24,0.9713233499720204
RA7,X05,24,0.9716103265001715
RA7,C_140,24,0.9717445640093972
RWA,X02,24,0.9722478663285293
R0A,X05,24,0.9722541087869538
RP5,C_110,24,0.9724013344173353
RTF,C_101,24,0.9724511081975519
RCB,C_400,24,0.9724947610403739
RF4,C_340,23,0.9725278910241669
RC9,C_502,24,0.9725690065360801
RTH,C_410,24,0.9725800803923285
RFS,C_320,24,0.9728508535685054
RJ1,X06,24,0.9731538507676789
NT401,C_100,24,0.973507213376474
M2Y6D,C_110,14,0.9736621233787949
RPA,X05,24,0.973840084355484
RHQ,C_400,15,0.9741335341406113
RC9,C_101,24,0.9741370199155799
N8R1N,C_130,21,0.9743033358181828
RGN,C_120,24,0.9743676732986758
REM,C_430,24,0.9744041994822976
RDU,C_320,24,0.9747726368079251
RD1,C_400,24,0.9748091677472975
RNA,C_101,24,0.9748918458114331
R1F,C_502,24,0.9748981462136154
RR8,C_110,24,0.9749169437063342
R1F,C_101,24,0.9749753967703871
S3H9L,C_100,19,0.9752287197047901
RXR,C_120,24,0.9752496115530779
RRF,C_101,24,0.9752604576061438
RXK,C_100,24,0.9754402650706478
RWW,C_410,24,0.9756573635161975
AY1,C_330,13,0.9757470480071315
RXL,C_340,24,0.9757854396340448
RQM,C_140,24,0.97596554092395
RWA,C_330,24,0.9762244158936715
RRJ,C_110,24,0.9763413406372939
NT417,C_502,19,0.976374540459162
RGM,C_170,24,0.976427460197724
RTH,C_110,24,0.97645669748879
R1K,C_301,24,0.9765735753204611
RJL,C_301,24,0.9769038587321505
DXV,C_120,24,0.9772491670643271
R0A,C_301,24,0.9773834166566246
NVC44,C_140,24,0.9775415656928267
R1D,C_110,24,0.9778013831772636
RJ1,X04,24,0.9781651283354331
RJ1,C_330,24,0.9781932359824903
RJ6,X04,24,0.9782258130525997
ADN,C_502,16,0.978288437159861
RNS,C_400,24,0.9783033341653603
R0B,C_130,24,0.9789173096584727
NTP11,C_100,24,0.9796475389984568
R1K,C_140,24,0.9796977545257121
RJ1,C_120,24,0.9797330115755863
RXK,C_140,24,0.9799658966788265
R0A,C_100,24,0.9800390987018076
Z1E5F,C_130,13,0.9801126294982612
NVC01,X02,12,0.9801818611553371
RRK,C_340,24,0.9803032362700146
RMP,C_101,24,0.980404756938653
RN3,C_400,24,0.9804277865492131
RFR,C_130,24,0.9804909441620704
RJR,C_101,24,0.9806523027759345
RRF,C_130,24,0.9808647748519588
RN7,C_502,24,0.9810767823690484
RN5,C_130,24,0.9811272461367451
R1K,C_130,24,0.9812241691646972
RRK,C_110,24,0.9812887283205681
RWG,C_330,24,0.9814410329304187
RWJ,C_340,24,0.9815638422782736
RJ1,C_400,24,0.9816874414075273
RNZ,C_101,24,0.9818313244380347
RET,C_400,24,0.982128330410465
RMC,C_410,24,0.9827118836819421
RWA,C_101,24,0.9829276812385866
RJC,C_130,24,0.9830259577900808
RWG,C_320,24,0.9838765141469639
NVC40,C_110,24,0.9840241606659548
RWE,C_410,24,0.9840332283854712
RRV,C_300,24,0.9841474897908948
RL1,C_410,24,0.9842722760269771
RDE,C_410,24,0.9843054448704792
RJ1,X02,24,0.9844246959566733
RJE,C_340,24,0.9845807551830131
NT327,C_110,24,0.9849053893043973
REF,C_110,24,0.9865068714161713
RWA,C_410,24,0.9869749554251868
RVJ,C_410,24,0.9880960023121825
RTE,C_140,24,0.988291278350046
RXL,C_330,24,0.9884798338621736
NLX,C_110,24,0.9887187068248487
RDU,C_340,24,0.988789794199915
RXR,C_320,24,0.9890321228772446
R1K,C_400,24,0.9899386751030186
RNZ,C_140,24,0.9901789263521871
